一,1,土
乙,1,土
勹,2,水
匕,2,金
卜,2,水
乜,2,水
刀,2,金
刁,2,火
丁,2,火
二,2,火
入,2,金
力,2,火
了,2,火
人,2,金
厶,2,金
又,2,土
才,3,金
叉,3,金
干,3,木
孓,3,火
彳,3,火
亍,3,金
川,3,金
寸,3,金
大,3,火
凡,3,水
工,3,木
弓,3,木
丌,3,木
及,3,木
己,3,土
孑,3,木
巾,3,木
久,3,木
口,3,木
廿,3,木
女,3,火
乞,3,木
千,3,金
刃,3,金
三,3,金
山,3,土
彡,3,木
上,3,金
勺,3,火
尸,3,金
士,3,金
巳,3,火
土,3,土
乇,3,火
丸,3,土
亡,3,水
兀,3,土
夕,3,金
下,3,水
小,3,金
丫,3,土
幺,3,火
也,3,土
已,3,木
弋,3,火
尢,3,土
于,3,土
丈,3,火
子,3,水
巴,4,水
比,4,水
卞,4,木
不,4,水
丐,4,木
反,4,水
方,4,水
尺,4,火
仇,4,金
歹,4,水
丹,4,火
吊,4,火
仃,4,火
斗,4,火
厄,4,土
乏,4,金
分,4,水
夫,4,水
父,4,水
戈,4,金
公,4,木
勾,4,木
互,4,水
户,4,水
化,4,水
幻,4,水
火,4,火
介,4,木
今,4,木
斤,4,木
井,4,火
亢,4,木
孔,4,木
仂,4,火
仍,4,金
日,4,火
冗,4,金
太,4,火
毛,4,水
木,4,木
内,4,火
牛,4,木
爿,4,水
匹,4,水
片,4,水
亓,4,木
欠,4,木
切,4,土
犬,4,木
仁,4,金
壬,4,水
卅,4,水
少,4,金
升,4,金
什,4,金
氏,4,金
手,4,金
殳,4,金
水,4,水
四,4,金
天,4,火
屯,4,火
王,4,土
文,4,水
毋,4,水
午,4,火
勿,4,水
兮,4,金
心,4,金
牙,4,木
卬,4,土
夭,4,土
爻,4,火
刈,4,金
尹,4,土
引,4,土
尤,4,土
友,4,土
予,4,土
曰,4,土
月,4,木
匀,4,木
允,4,土
元,4,木
仄,4,金
仉,4,火
之,4,火
支,4,火
止,4,火
中,4,火
爪,4,金
凹,5,土
叭,5,水
白,5,水
半,5,水
包,5,水
北,5,水
本,5,木
必,5,水
弁,5,水
丙,5,火
卟,5,水
布,5,水
册,5,金
禾,5,水
弘,5,水
仝,5,火
尕,5,木
甘,5,木
兄,5,水
卡,5,木
民,5,水
皿,5,水
叱,5,金
斥,5,金
出,5,金
代,5,火
旦,5,火
叨,5,火
氐,5,火
叼,5,金
叮,5,火
冬,5,火
弗,5,水
付,5,水
功,5,木
古,5,木
瓜,5,木
宄,5,木
夯,5,水
乎,5,水
卉,5,木
加,5,木
甲,5,木
叫,5,木
句,5,木
巨,5,木
刊,5,金
尻,5,金
可,5,木
叩,5,木
叻,5,火
他,5,火
它,5,火
立,5,火
尥,5,火
令,5,火
另,5,火
矛,5,水
卯,5,木
末,5,水
母,5,水
仫,5,水
目,5,水
奶,5,火
尼,5,火
奴,5,火
丕,5,水
皮,5,水
氕,5,水
平,5,水
叵,5,水
仟,5,金
巧,5,木
且,5,金
丘,5,木
囚,5,木
去,5,木
冉,5,火
仞,5,金
仨,5,水
申,5,金
生,5,金
失,5,金
石,5,金
史,5,金
矢,5,金
世,5,金
仕,5,金
市,5,金
示,5,金
甩,5,金
司,5,金
玊,5,金
田,5,火
瓦,5,土
外,5,木
未,5,木
五,5,木
戊,5,土
矽,5,土
仙,5,金
玄,5,水
穴,5,水
疋,5,水
央,5,土
以,5,土
仡,5,木
永,5,土
用,5,土
由,5,土
右,5,土
幼,5,土
孕,5,土
匝,5,水
玉,5,木
札,5,木
乍,5,金
占,5,金
仗,5,火
召,5,火
正,5,金
只,5,火
主,5,金
仔,5,土
左,5,火
吖,6,土
安,6,土
扒,6,水
朳,6,木
百,6,水
冰,6,水
并,6,水
好,6,水
合,6,水
汀,6,水
同,6,火
凸,6,金
旮,6,火
尬,6,木
决,6,火
此,6,金
次,6,金
氾,6,水
犯,6,水
仿,6,水
妃,6,水
凶,6,水
匈,6,金
休,6,水
朽,6,木
戌,6,土
旭,6,木
名,6,水
臣,6,金
丞,6,金
吃,6,火
弛,6,火
充,6,土
舛,6,金
汆,6,金
存,6,金
打,6,火
凼,6,水
忉,6,火
氘,6,火
地,6,土
丢,6,金
多,6,火
朵,6,木
而,6,金
耳,6,火
伐,6,水
帆,6,水
份,6,水
缶,6,水
伏,6,水
圪,6,土
各,6,木
亘,6,火
艮,6,土
共,6,木
光,6,火
圭,6,土
亥,6,水
冱,6,水
灰,6,土
回,6,水
乩,6,木
圾,6,土
吉,6,木
岌,6,土
伎,6,木
奸,6,木
尖,6,火
幵,6,木
囝,6,木
件,6,木
匠,6,火
交,6,木
她,6,火
臼,6,木
伉,6,木
考,6,木
匡,6,木
夼,6,木
旯,6,火
老,6,火
耒,6,火
扔,6,金
戎,6,木
肉,6,火
如,6,金
吏,6,金
列,6,金
劣,6,火
六,6,火
甪,6,火
米,6,水
糸,6,水
牟,6,水
氖,6,火
囡,6,火
年,6,火
乓,6,火
仳,6,水
圮,6,土
牝,6,水
乒,6,水
企,6,木
屺,6,土
犰,6,木
曲,6,木
全,6,火
任,6,金
色,6,金
舌,6,金
式,6,金
收,6,水
守,6,金
戍,6,土
妁,6,金
死,6,金
寺,6,金
似,6,土
夙,6,金
吐,6,土
氽,6,火
佤,6,火
妄,6,火
危,6,水
圩,6,土
刎,6,金
仵,6,土
伍,6,土
西,6,金
吸,6,金
先,6,金
向,6,水
囟,6,金
刑,6,水
行,6,水
血,6,水
旬,6,金
伢,6,土
羊,6,土
仰,6,木
吆,6,火
曳,6,金
伊,6,土
衣,6,土
圯,6,土
夷,6,土
亦,6,土
屹,6,土
因,6,土
印,6,水
有,6,土
宇,6,土
羽,6,土
吁,6,木
聿,6,木
再,6,金
在,6,金
早,6,金
吒,6,金
宅,6,火
兆,6,火
圳,6,土
汁,6,水
旨,6,火
至,6,火
仲,6,火
州,6,金
舟,6,金
朱,6,木
竹,6,木
字,6,金
自,6,火
犴,7,火
岙,7,土
吧,7,水
夿,7,水
岜,7,土
弝,7,水
坂,7,土
伴,7,水
贝,7,水
坌,7,土
伻,7,水
皀,7,水
佊,7,水
吡,7,水
妣,7,水
庇,7,水
杓,7,木
别,7,水
兵,7,水
伯,7,水
孛,7,水
吥,7,水
步,7,水
材,7,木
岑,7,木
扱,7,金
杈,7,木
汊,7,水
岔,7,金
何,7,木
亨,7,水
町,7,火
廷,7,火
佟,7,火
彤,7,火
秃,7,土
伽,7,木
改,7,木
杆,7,木
坩,7,土
旰,7,火
君,7,木
均,7,土
辵,7,火
壮,7,金
汎,7,水
坊,7,土
妨,7,水
彷,7,水
吠,7,水
杏,7,木
秀,7,金
序,7,金
佧,7,木
免,7,火
妙,7,水
吵,7,金
车,7,金
辰,7,土
成,7,金
呈,7,火
池,7,水
赤,7,金
氚,7,金
串,7,金
床,7,木
吹,7,金
村,7,木
呔,7,火
甙,7,火
忖,7,金
但,7,火
低,7,火
弟,7,火
佃,7,火
甸,7,火
玎,7,火
疔,7,火
盯,7,火
豆,7,火
杜,7,木
兑,7,金
囤,7,火
呃,7,木
吩,7,水
佛,7,水
否,7,水
呋,7,水
孚,7,水
甫,7,水
杠,7,木
告,7,木
更,7,木
攻,7,木
汞,7,水
佝,7,水
估,7,木
谷,7,木
庋,7,木
呙,7,木
囯,7,木
含,7,水
罕,7,水
汗,7,水
旱,7,木
宏,7,水
吼,7,木
囫,7,水
弧,7,水
肓,7,木
汲,7,水
即,7,水
妓,7,木
忌,7,木
夹,7,木
见,7,木
江,7,水
角,7,木
疖,7,木
劫,7,木
戒,7,水
妗,7,木
究,7,木
灸,7,火
局,7,木
姖,7,木
坎,7,土
扛,7,木
囥,7,木
壳,7,木
克,7,木
坑,7,土
扣,7,木
况,7,水
困,7,木
牢,7,火
冷,7,水
礽,7,金
汝,7,水
坍,7,土
李,7,火
利,7,火
良,7,火
吝,7,火
伶,7,火
吕,7,火
卵,7,火
忙,7,水
尨,7,水
每,7,水
芈,7,水
牡,7,土
男,7,火
呐,7,火
伲,7,木
你,7,木
尿,7,水
佞,7,火
妞,7,水
弄,7,火
努,7,火
判,7,金
伾,7,水
屁,7,水
七,7,金
圻,7,土
岐,7,土
杞,7,木
扦,7,木
岍,7,土
羌,7,木
吣,7,金
求,7,火
劬,7,木
却,7,木
忍,7,金
妊,7,金
删,7,金
杉,7,木
汕,7,水
劭,7,金
佘,7,金
伸,7,金
身,7,金
束,7,金
吮,7,金
私,7,金
汜,7,水
伺,7,金
兕,7,金
姒,7,金
宋,7,金
忐,7,火
忑,7,火
忒,7,金
吞,7,火
托,7,火
佗,7,火
妥,7,火
完,7,土
忘,7,水
尾,7,水
位,7,土
吻,7,金
我,7,木
圬,7,土
污,7,水
巫,7,火
吴,7,木
吾,7,木
扤,7,木
杌,7,木
汐,7,水
希,7,水
匣,7,木
吓,7,木
氙,7,土
伭,7,金
岘,7,土
孝,7,水
辛,7,金
形,7,水
巡,7,金
汛,7,水
呀,7,土
岈,7,土
延,7,土
言,7,木
妖,7,火
冶,7,土
佁,7,火
矣,7,土
佚,7,土
役,7,土
邑,7,土
吟,7,木
吲,7,土
甬,7,土
攸,7,土
卣,7,土
酉,7,金
佑,7,土
余,7,土
妤,7,水
欤,7,土
玙,7,土
妘,7,水
皂,7,金
佔,7,火
杖,7,木
卮,7,金
吱,7,金
址,7,土
志,7,火
豸,7,火
伫,7,金
住,7,火
助,7,金
妆,7,金
灼,7,火
孜,7,金
姊,7,火
走,7,金
足,7,火
佐,7,金
作,7,金
坐,7,金
炘,8,火
哎,8,火
艾,8,土
岸,8,水
昂,8,木
枊,8,木
坳,8,土
垇,8,土
八,8,水
把,8,水
爸,8,水
佰,8,火
扳,8,水
攽,8,水
板,8,木
版,8,水
扮,8,水
姅,8,水
孢,8,水
卑,8,水
杯,8,木
屄,8,水
沘,8,水
彼,8,水
畀,8,水
忭,8,水
抃,8,水
汳,8,水
汴,8,水
表,8,水
秉,8,水
幷,8,水
帛,8,水
瓝,8,水
侘,8,金
昊,8,火
呵,8,水
劾,8,水
和,8,水
佫,8,水
帖,8,火
投,8,火
侅,8,水
秆,8,木
矸,8,土
冈,8,水
抉,8,火
佌,8,金
佽,8,火
刺,8,金
泛,8,水
枋,8,木
房,8,水
昉,8,火
放,8,水
非,8,水
姓,8,金
幸,8,水
芎,8,木
汹,8,水
岫,8,土
盱,8,土
咔,8,木
咖,8,木
杪,8,木
岷,8,土
旻,8,火
明,8,水
昌,8,金
长,8,火
抄,8,金
弨,8,金
炒,8,火
扯,8,金
坼,8,火
忱,8,金
沉,8,水
承,8,金
侈,8,火
冲,8,金
忡,8,金
初,8,金
杵,8,木
炊,8,火
垂,8,金
徂,8,火
耷,8,火
妲,8,火
沓,8,火
岱,8,火
宕,8,火
到,8,火
的,8,火
狄,8,火
坻,8,土
底,8,火
玓,8,火
典,8,火
坫,8,土
店,8,火
耵,8,火
定,8,火
东,8,木
咚,8,火
侗,8,火
抖,8,火
妒,8,火
沌,8,水
咄,8,火
剁,8,火
妸,8,木
扼,8,木
儿,8,金
佴,8,火
矾,8,土
氛,8,水
汾,8,水
忿,8,水
奉,8,水
扶,8,水
服,8,水
府,8,水
斧,8,木
附,8,土
咐,8,水
阜,8,水
杲,8,木
疙,8,木
庚,8,金
供,8,木
岣,8,土
咕,8,木
姑,8,木
孤,8,木
汩,8,水
固,8,木
刮,8,金
呱,8,木
卦,8,水
乖,8,木
官,8,木
炅,8,火
果,8,木
杭,8,木
沆,8,水
呼,8,水
忽,8,木
虎,8,水
岵,8,土
戽,8,火
昏,8,木
或,8,水
肌,8,木
亟,8,木
佶,8,木
技,8,木
季,8,木
佳,8,木
岬,8,土
戋,8,金
肩,8,木
艽,8,木
佼,8,木
姐,8,火
届,8,木
金,8,金
卺,8,木
京,8,木
净,8,金
纠,8,木
赳,8,木
玖,8,木
咎,8,火
疚,8,木
居,8,木
咀,8,木
具,8,木
卷,8,木
侃,8,金
抗,8,木
炕,8,火
坷,8,土
岢,8,土
刻,8,金
肯,8,木
空,8,木
快,8,木
狂,8,木
坤,8,土
昆,8,火
垃,8,土
剌,8,火
来,8,火
佬,8,火
泐,8,水
肋,8,火
乳,8,火
枘,8,木
所,8,金
汰,8,水
例,8,火
戾,8,火
两,8,火
冽,8,火
林,8,木
囹,8,火
呤,8,火
侣,8,火
仑,8,火
盲,8,水
牦,8,水
峁,8,土
没,8,水
枚,8,木
妹,8,水
门,8,水
氓,8,水
孟,8,水
汨,8,水
宓,8,水
命,8,水
殁,8,水
侔,8,水
姆,8,水
沐,8,水
牧,8,水
艿,8,木
奈,8,火
呶,8,火
呢,8,木
妮,8,火
坭,8,土
念,8,火
忸,8,水
扭,8,水
狃,8,水
杻,8,木
孥,8,金
弩,8,火
疟,8,火
杷,8,木
爬,8,土
帕,8,土
坢,8,土
抛,8,水
咆,8,水
庖,8,水
呸,8,水
沛,8,水
佩,8,水
帔,8,水
朋,8,水
批,8,水
坯,8,土
枇,8,木
坪,8,土
坡,8,土
沏,8,水
妻,8,金
其,8,木
奇,8,木
歧,8,木
汔,8,水
汽,8,水
戕,8,金
妾,8,火
沁,8,水
青,8,金
穹,8,木
虬,8,木
屈,8,木
取,8,金
券,8,木
炔,8,火
叁,8,金
沙,8,水
刹,8,金
姗,8,金
疝,8,金
尚,8,金
舍,8,金
社,8,金
侁,8,金
呻,8,金
沈,8,水
使,8,金
始,8,金
事,8,金
侍,8,火
受,8,金
抒,8,金
叔,8,金
刷,8,金
祀,8,金
忪,8,金
松,8,木
怂,8,金
坦,8,土
帑,8,火
弢,8,火
忝,8,火
佻,8,火
兔,8,金
坨,8,土
宛,8,土
汪,8,水
往,8,土
枉,8,木
罔,8,火
旺,8,土
委,8,土
味,8,水
汶,8,水
沃,8,水
卧,8,木
忤,8,土
武,8,水
物,8,水
昔,8,金
析,8,木
穸,8,金
呷,8,木
弦,8,水
冼,8,水
享,8,水
些,8,金
协,8,水
忻,8,水
昕,8,火
欣,8,木
厓,8,木
亚,8,土
炎,8,火
兖,8,木
奄,8,土
佯,8,火
肴,8,土
杳,8,木
夜,8,土
依,8,土
沂,8,水
宜,8,木
抑,8,土
佾,8,土
易,8,火
咏,8,土
呦,8,土
侑,8,土
於,8,土
盂,8,土
臾,8,土
雨,8,水
刖,8,金
昀,8,土
狁,8,土
咂,8,水
甾,8,金
沅,8,水
昃,8,金
怎,8,金
咋,8,金
轧,8,金
找,8,火
枕,8,木
争,8,火
枝,8,木
知,8,火
侄,8,金
直,8,火
沚,8,水
忮,8,金
帙,8,火
炙,8,火
忠,8,火
周,8,金
妯,8,金
咒,8,金
宙,8,金
侏,8,金
竺,8,木
杼,8,木
抓,8,金
状,8,水
隹,8,火
卓,8,火
宗,8,金
卒,8,金
芓,9,木
哀,9,土
垵,9,土
拗,9,土
疤,9,水
拔,9,水
柏,9,木
拜,9,水
拌,9,水
保,9,水
抱,9,水
背,9,水
祊,9,水
甭,9,水
泵,9,水
柲,9,木
毖,9,水
砭,9,土
扁,9,水
窆,9,水
拚,9,水
便,9,水
昪,9,水
柄,9,木
炳,9,火
波,9,水
泊,9,水
勃,9,水
哺,9,水
怖,9,水
臿,9,金
垞,9,土
查,9,金
衩,9,土
姹,9,金
差,9,金
拆,9,金
柴,9,木
河,9,水
曷,9,火
很,9,水
哄,9,木
訇,9,木
红,9,水
亭,9,火
突,9,火
凃,9,火
钆,9,金
尜,9,木
垓,9,土
肝,9,木
泔,9,水
柑,9,木
竿,9,木
疳,9,木
肛,9,木
缸,9,木
玦,9,火
军,9,木
俊,9,火
匆,9,水
畈,9,水
飞,9,水
沸,9,水
狒,9,水
性,9,金
咻,9,金
庥,9,金
砉,9,土
胥,9,金
叙,9,金
泌,9,水
沔,9,水
勉,9,水
眇,9,水
秒,9,水
咩,9,水
抿,9,水
泯,9,水
昶,9,土
怊,9,金
伡,9,金
疢,9,金
宬,9,金
抶,9,火
抽,9,火
怵,9,金
穿,9,金
舡,9,金
春,9,金
殂,9,金
促,9,金
怛,9,火
待,9,火
怠,9,火
殆,9,火
眈,9,火
抵,9,火
柢,9,木
帝,9,火
垤,9,土
酊,9,火
订,9,火
垌,9,土
峒,9,土
毒,9,金
芏,9,木
肚,9,土
度,9,金
段,9,火
祋,9,火
盹,9,火
盾,9,火
砘,9,土
哆,9,火
哚,9,火
垛,9,土
沲,9,水
俄,9,木
垩,9,土
耏,9,金
垡,9,土
法,9,水
玢,9,水
风,9,水
封,9,水
凫,9,水
怫,9,水
拂,9,水
俘,9,水
枹,9,木
氟,9,水
罘,9,水
拊,9,水
讣,9,水
负,9,水
赴,9,火
纥,9,木
革,9,木
虼,9,木
哏,9,木
宫,9,金
狗,9,木
枸,9,木
垢,9,土
沽,9,水
牯,9,木
故,9,木
拐,9,火
冠,9,木
咣,9,木
皈,9,木
轨,9,木
癸,9,木
柜,9,木
哈,9,水
孩,9,水
泓,9,水
虹,9,木
侯,9,水
后,9,水
厚,9,水
烀,9,火
狐,9,水
怙,9,水
徊,9,水
奂,9,水
宦,9,水
皇,9,水
咴,9,火
虺,9,水
哕,9,水
芨,9,木
咭,9,木
剞,9,金
级,9,木
姞,9,火
急,9,木
计,9,水
纪,9,木
既,9,木
枷,9,木
叚,9,木
架,9,木
柬,9,火
建,9,木
牮,9,木
姜,9,木
姣,9,木
皆,9,木
界,9,木
疥,9,木
蚧,9,木
矜,9,木
劲,9,木
刭,9,金
俓,9,金
扃,9,木
炯,9,火
九,9,木
韭,9,木
拘,9,木
狙,9,木
沮,9,水
拒,9,木
炬,9,水
砍,9,土
看,9,木
柯,9,木
科,9,木
咳,9,木
客,9,木
枯,9,金
哐,9,木
奎,9,土
拉,9,火
姥,9,水
泪,9,水
厘,9,火
肜,9,金
柔,9,金
炱,9,火
泰,9,火
俚,9,火
俐,9,火
怜,9,火
亮,9,火
咧,9,火
拎,9,火
泠,9,水
柃,9,木
柳,9,木
咯,9,木
律,9,火
芒,9,木
泖,9,水
昴,9,水
冒,9,水
玫,9,水
眉,9,水
美,9,水
昧,9,水
虻,9,水
咪,9,水
弭,9,水
抹,9,水
沫,9,水
哞,9,水
某,9,水
拇,9,水
哪,9,火
娜,9,火
柰,9,火
耐,9,火
南,9,火
怩,9,木
泥,9,水
昵,9,木
拈,9,木
怒,9,火
虐,9,火
趴,9,土
怕,9,土
拍,9,水
哌,9,水
柈,9,木
泮,9,水
叛,9,水
盼,9,水
狍,9,水
炮,9,火
泡,9,水
疱,9,水
盆,9,土
怦,9,水
抨,9,水
芃,9,木
披,9,水
砒,9,土
毗,9,水
姘,9,水
品,9,水
屏,9,水
枰,9,木
泼,9,水
匍,9,水
柒,9,水
祈,9,木
芑,9,木
泣,9,水
契,9,木
恰,9,木
芊,9,木
前,9,金
俏,9,木
怯,9,金
侵,9,金
秋,9,金
泅,9,水
俅,9,木
酋,9,木
泉,9,水
畎,9,木
染,9,水
娆,9,水
纫,9,金
砂,9,金
衫,9,金
舢,9,金
垧,9,土
芍,9,木
厍,9,金
玥,9,土
哂,9,金
矧,9,金
甚,9,金
牲,9,金
省,9,金
施,9,金
食,9,金
室,9,金
是,9,金
柿,9,木
首,9,金
姝,9,金
沭,9,水
耍,9,金
帅,9,金
闩,9,金
思,9,金
泗,9,水
娀,9,金
叟,9,金
俗,9,金
炭,9,火
剃,9,金
畋,9,火
殄,9,火
拖,9,火
沱,9,水
柁,9,木
拓,9,火
柝,9,木
哇,9,土
娃,9,土
歪,9,火
纨,9,火
芄,9,木
玩,9,木
威,9,土
畏,9,土
胃,9,土
韦,9,土
瓮,9,土
肟,9,火
屋,9,土
侮,9,土
侠,9,木
狎,9,木
柙,9,木
祆,9,金
籼,9,金
咸,9,水
相,9,木
香,9,水
庠,9,金
巷,9,水
削,9,金
枵,9,木
泄,9,水
卸,9,水
信,9,金
星,9,金
型,9,土
宣,9,金
泫,9,水
炫,9,火
泶,9,水
峋,9,土
紃,9,火
押,9,土
垭,9,土
砑,9,土
咽,9,土
妍,9,水
沿,9,水
匽,9,土
衍,9,水
彦,9,木
泱,9,水
殃,9,火
徉,9,火
怏,9,土
姚,9,土
咬,9,火
要,9,土
页,9,金
咿,9,土
怡,9,土
咦,9,土
姨,9,土
钇,9,金
舣,9,土
奕,9,木
弈,9,木
疫,9,木
羿,9,木
姻,9,土
音,9,土
垠,9,土
盈,9,水
映,9,火
泳,9,水
俑,9,土
勇,9,土
幽,9,土
油,9,水
柚,9,木
疣,9,土
羑,9,土
囿,9,土
宥,9,土
纡,9,土
俞,9,金
禺,9,木
竽,9,木
舁,9,土
俣,9,金
禹,9,土
怨,9,火
约,9,土
垚,9,土
灾,9,火
芋,9,木
昱,9,火
垣,9,土
爰,9,土
哉,9,金
昝,9,金
蚤,9,金
则,9,金
眨,9,金
咤,9,金
栅,9,木
炸,9,火
沾,9,水
招,9,火
昭,9,火
沼,9,水
者,9,火
柘,9,木
贞,9,火
怔,9,金
政,9,火
祉,9,火
咫,9,金
枳,9,木
治,9,水
峙,9,金
盅,9,火
重,9,火
肘,9,金
纣,9,火
胄,9,火
拄,9,金
注,9,水
柱,9,木
炷,9,火
窀,9,土
拙,9,金
斫,9,木
咨,9,金
姿,9,金
籽,9,火
秭,9,火
耔,9,火
奏,9,火
俎,9,金
昨,9,金
怍,9,金
柞,9,木
皊,10,火
烐,10,火
啊,10,土
唉,10,土
埃,10,土
砹,10,土
桉,10,木
氨,10,水
鹌,10,土
俺,10,土
按,10,土
案,10,土
盎,10,土
敖,10,土
芺,10,土
芭,10,木
笆,10,木
粑,10,水
栢,10,木
呗,10,水
班,10,水
般,10,水
舨,10,水
梆,10,木
豹,10,水
趵,10,水
倍,10,水
倴,10,水
畚,10,水
秕,10,水
俾,10,水
舭,10,水
珌,10,水
苄,10,木
髟,10,水
俵,10,水
栟,10,木
病,10,水
玻,10,水
剥,10,金
砵,10,水
亳,10,水
峬,10,土
庯,10,水
财,10,金
睬,10,金
仓,10,金
曹,10,金
敇,10,金
豺,10,金
耗,10,水
核,10,木
盍,10,水
狠,10,水
恨,10,水
哼,10,水
恒,10,水
桁,10,木
烘,10,火
庭,10,火
挺,10,火
桐,10,木
砼,10,木
恸,10,金
徒,10,火
酐,10,木
绀,10,木
刚,10,金
罡,10,金
珏,10,火
倔,10,火
峻,10,金
纯,10,金
娖,10,火
祠,10,金
泚,10,水
芳,10,木
肪,10,水
纺,10,水
舫,10,水
肥,10,水
匪,10,水
修,10,金
脩,10,金
訏,10,金
徐,10,金
栩,10,木
恤,10,水
洫,10,水
秘,10,水
眠,10,水
眄,10,水
珉,10,水
刬,10,金
伥,10,金
倡,10,金
鬯,10,金
晁,10,金
眧,10,金
耖,10,金
唓,10,金
宸,10,金
城,10,土
乘,10,金
埕,10,土
秤,10,水
哧,10,火
蚩,10,金
持,10,金
耻,10,火
翅,10,金
翀,10,火
臭,10,水
刍,10,金
俶,10,金
脆,10,金
厝,10,金
玳,10,火
耽,10,火
疸,10,火
岛,10,火
倒,10,火
砥,10,土
娣,10,火
玷,10,火
凋,10,金
爹,10,火
瓞,10,火
钉,10,金
冻,10,火
恫,10,火
洞,10,水
蚪,10,火
趸,10,火
屙,10,木
娥,10,水
峨,10,土
婀,10,木
苊,10,木
恩,10,土
洱,10,水
砝,10,土
珐,10,金
肺,10,水
纷,10,水
芬,10,木
粉,10,木
峰,10,水
俸,10,水
芙,10,木
祓,10,水
砩,10,土
蚨,10,水
俯,10,水
釜,10,水
羔,10,木
高,10,木
哥,10,木
格,10,木
鬲,10,木
哿,10,木
个,10,土
根,10,木
耕,10,木
哽,10,木
埂,10,土
耿,10,火
肱,10,木
恭,10,木
蚣,10,木
躬,10,木
拱,10,木
贡,10,木
股,10,木
骨,10,木
罟,10,木
剐,10,金
挂,10,木
怪,10,金
倌,10,木
桄,10,木
鬼,10,木
桂,10,木
衮,10,木
埚,10,土
害,10,水
氦,10,水
蚶,10,水
邗,10,水
函,10,水
航,10,水
洪,10,水
讧,10,木
候,10,水
祜,10,水
笏,10,木
花,10,木
洹,10,水
桓,10,木
恍,10,火
恢,10,木
洄,10,水
恚,10,水
活,10,水
唧,10,木
姬,10,木
屐,10,木
笄,10,木
笈,10,木
疾,10,火
脊,10,木
记,10,木
洎,10,水
浃,10,水
珈,10,木
家,10,木
痂,10,木
恝,10,木
兼,10,木
豇,10,木
狡,10,木
讦,10,木
拮,10,木
桀,10,木
芥,10,木
借,10,金
津,10,水
衿,10,木
晋,10,火
肼,10,木
弪,10,木
径,10,木
酒,10,水
柩,10,木
桕,10,木
疽,10,木
桔,10,木
俱,10,木
倨,10,木
娟,10,木
倦,10,木
桊,10,木
隽,10,木
拷,10,木
栲,10,木
烤,10,火
珂,10,木
疴,10,木
恪,10,木
倥,10,木
恐,10,木
芤,10,木
哭,10,木
库,10,木
框,10,木
括,10,木
栝,10,木
砬,10,土
栳,10,木
烙,10,火
轫,10,金
衽,10,金
恁,10,火
狨,10,金
容,10,土
辱,10,金
洳,10,水
朊,10,火
芮,10,火
蚋,10,火
笋,10,木
隼,10,金
唆,10,金
娑,10,水
索,10,金
趿,10,火
肽,10,火
哩,10,火
娌,10,火
栗,10,木
俩,10,火
凉,10,火
钌,10,金
料,10,火
洌,10,水
埒,10,土
烈,10,火
玲,10,火
瓴,10,火
凌,10,火
留,10,火
旅,10,火
伦,10,火
倮,10,火
洛,10,水
马,10,水
埋,10,土
邙,10,水
旄,10,水
耄,10,火
们,10,水
勐,10,水
洣,10,水
敉,10,水
秣,10,水
毪,10,水
亩,10,水
拿,10,火
纳,10,火
肭,10,火
衲,10,火
孬,10,火
倪,10,金
匿,10,木
娘,10,火
臬,10,木
纽,10,水
恧,10,火
衄,10,火
哦,10,火
耙,10,木
俳,10,水
派,10,水
畔,10,水
袢,10,水
旁,10,水
配,10,水
砰,10,土
芘,10,木
疲,10,水
蚍,10,水
拼,10,水
娉,10,水
俜,10,水
洴,10,水
钋,10,金
珀,10,水
哱,10,水
破,10,土
剖,10,金
圃,10,水
埔,10,土
凄,10,水
栖,10,木
芪,10,木
耆,10,木
岂,10,木
起,10,木
气,10,木
讫,10,水
迄,10,水
砌,10,土
洽,10,水
虔,10,木
肷,10,木
芡,10,木
倩,10,金
峭,10,土
窃,10,土
挈,10,金
衾,10,木
芩,10,木
芹,10,木
秦,10,火
邛,10,金
祛,10,木
拳,10,木
缺,10,木
讱,10,金
偌,10,火
弱,10,金
洒,10,水
桑,10,木
杀,10,水
纱,10,水
晒,10,火
芟,10,木
埏,10,土
珊,10,金
闪,10,金
讪,10,金
剡,10,金
扇,10,金
晌,10,火
哨,10,金
射,10,金
珅,10,金
娠,10,金
砷,10,土
神,10,金
眚,10,金
师,10,金
十,10,金
时,10,金
拾,10,金
狩,10,金
书,10,金
纾,10,金
殊,10,金
秫,10,木
恕,10,火
衰,10,金
拴,10,金
栓,10,木
朔,10,火
凇,10,木
素,10,金
祟,10,金
孙,10,金
唐,10,火
倘,10,火
洮,10,水
桃,10,木
讨,10,火
套,10,火
特,10,火
疼,10,火
屉,10,火
倜,10,火
恬,10,火
甜,10,火
挑,10,火
条,10,火
堍,10,土
彖,10,火
砣,10,土
庹,10,火
挖,10,火
洼,10,水
剜,10,金
紞,10,火
桅,10,木
洧,10,水
娓,10,土
纹,10,水
蚊,10,水
紊,10,金
翁,10,土
挝,10,火
倭,10,火
乌,10,火
唔,10,土
阢,10,土
芴,10,木
唏,10,金
奚,10,木
娭,10,火
息,10,金
席,10,金
洗,10,水
峡,10,土
夏,10,火
掀,10,金
宵,10,金
哮,10,木
效,10,水
校,10,木
笑,10,金
胁,10,水
绁,10,水
洩,10,水
屑,10,水
芯,10,木
畜,10,火
轩,10,土
痃,10,金
烜,10,火
眩,10,金
恂,10,水
洵,10,水
训,10,水
讯,10,火
迅,10,火
殉,10,金
桠,10,木
芽,10,木
蚜,10,土
氩,10,土
恹,10,土
胭,10,土
芫,10,木
唁,10,木
宴,10,土
晏,10,土
秧,10,火
洋,10,水
烊,10,火
氧,10,土
恙,10,土
窈,10,火
舀,10,火
眙,10,土
酏,10,土
苡,10,木
倚,10,木
益,10,土
洇,10,水
殷,10,土
氤,10,土
蚓,10,土
痈,10,木
邕,10,木
祐,10,土
迂,10,土
邘,10,土
娱,10,木
纭,10,木
芸,10,木
耘,10,水
拶,10,水
砸,10,土
圄,10,木
育,10,土
彧,10,土
峪,10,木
眢,10,土
员,10,土
原,10,木
袁,10,土
栽,10,金
宰,10,金
奘,10,金
唣,10,金
哳,10,金
砟,10,土
痄,10,金
窄,10,金
旃,10,火
展,10,火
站,10,火
钊,10,金
笊,10,木
针,10,金
珍,10,火
真,10,金
砧,10,土
畛,10,金
疹,10,金
朕,10,火
拯,10,金
症,10,金
芝,10,木
肢,10,火
祗,10,木
值,10,火
纸,10,金
芷,10,木
指,10,金
桎,10,木
秩,10,火
致,10,火
舯,10,火
衷,10,火
冢,10,火
洲,10,水
酎,10,金
洙,10,水
株,10,木
祝,10,火
疰,10,金
拽,10,金
肫,10,土
倬,10,火
桌,10,木
浊,10,水
酌,10,金
笫,10,火
恣,10,火
租,10,金
祖,10,金
祚,10,金
唑,10,金
座,10,金
珘,11,土
婤,11,土
闫,11,金
挨,11,土
欸,11,火
庵,11,土
唵,11,土
埯,11,土
捌,11,水
豝,11,水
茇,11,木
胈,11,水
捭,11,火
败,11,水
绊,11,水
邦,11,水
浜,11,水
苞,11,木
胞,11,水
狈,11,水
被,11,水
偝,11,水
苯,11,木
笨,11,木
崩,11,土
偪,11,水
逼,11,水
毕,11,水
闭,11,水
苾,11,木
狴,11,水
婢,11,水
庳,11,水
敝,11,水
梐,11,木
贬,11,水
匾,11,水
徧,11,水
彪,11,水
婊,11,水
邠,11,水
彬,11,木
斌,11,水
蛃,11,火
浡,11,水
舶,11,水
晡,11,火
捕,11,水
埠,11,土
偲,11,金
彩,11,金
参,11,金
侧,11,金
梣,11,木
涔,11,水
茬,11,木
钗,11,金
浩,11,水
盒,11,水
痕,11,水
珩,11,水
眺,11,土
粜,11,火
烃,11,火
停,11,火
梃,11,木
珽,11,火
捅,11,金
桶,11,木
偷,11,金
涂,11,水
苷,11,木
敢,11,木
岗,11,土
诀,11,火
崛,11,土
桷,11,木
觖,11,火
捃,11,木
唇,11,水
玼,11,金
疵,11,金
从,11,火
凑,11,火
返,11,水
贩,11,水
梵,11,木
访,11,水
啡,11,水
婞,11,水
讻,11,水
羞,11,金
袖,11,金
虚,11,水
许,11,木
浚,11,水
胩,11,木
觅,11,水
密,11,水
冕,11,水
喵,11,水
苗,11,水
苠,11,木
敏,11,水
产,11,金
娼,11,金
常,11,金
徜,11,金
唱,11,金
巢,11,金
晨,11,金
趻,11,金
趁,11,木
偁,11,金
琤,11,金
瓻,11,金
眵,11,火
笞,11,木
茌,11,木
匙,11,金
豉,11,金
敕,11,火
舂,11,金
崇,11,金
紬,11,金
偢,11,金
处,11,金
绌,11,金
啜,11,金
船,11,金
钏,11,金
堾,11,土
粗,11,金
崔,11,木
啐,11,金
瓷,11,金
挫,11,金
笪,11,木
绐,11,火
带,11,火
埭,11,土
袋,11,火
聃,11,火
胆,11,火
啖,11,火
蛋,11,火
盗,11,火
得,11,金
羝,11,火
笛,11,木
钓,11,金
顶,11,火
啶,11,火
岽,11,土
动,11,火
硐,11,土
兜,11,木
堆,11,土
敚,11,火
舵,11,火
讹,11,水
阨,11,火
轭,11,木
珥,11,火
钒,11,金
酚,11,水
烽,11,火
唪,11,水
趺,11,水
麸,11,水
绂,11,水
绋,11,水
苻,11,木
浮,11,水
匐,11,水
桴,11,木
符,11,木
艴,11,水
妇,11,水
副,11,金
舸,11,木
硌,11,土
梗,11,木
珙,11,木
苟,11,木
笱,11,木
够,11,水
蛄,11,木
崮,11,土
梏,11,木
牿,11,木
胍,11,木
规,11,木
硅,11,土
匦,11,木
崞,11,土
国,11,木
海,11,水
酣,11,水
浛,11,水
晗,11,火
焓,11,火
悍,11,木
捍,11,木
焊,11,火
毫,11,水
唿,11,水
胡,11,土
斛,11,火
唬,11,水
扈,11,水
瓠,11,水
患,11,水
凰,11,水
悔,11,水
彗,11,水
晦,11,水
婚,11,水
货,11,水
基,11,土
偈,11,木
寂,11,金
寄,11,木
祭,11,金
笳,11,木
袈,11,木
戛,11,木
蛱,11,木
胛,11,木
徦,11,木
假,11,木
坚,11,木
枧,11,木
剪,11,金
趼,11,木
健,11,木
将,11,火
皎,11,木
教,11,木
秸,11,木
婕,11,木
堇,11,木
近,11,木
浸,11,水
泾,11,水
旌,11,金
婧,11,木
竟,11,木
救,11,木
苴,11,木
趄,11,木
苣,11,木
捐,11,木
涓,11,水
狷,11,火
眷,11,木
勘,11,金
康,11,木
苛,11,木
氪,11,木
啃,11,木
崆,11,土
寇,11,木
堀,11,土
苦,11,木
眶,11,木
悝,11,木
盔,11,木
馗,11,金
悃,11,木
捆,11,木
梱,11,木
崃,11,土
徕,11,火
婪,11,木
狼,11,火
朗,11,火
浪,11,水
勒,11,火
梨,11,火
狸,11,火
软,11,火
挲,11,水
桫,11,木
梭,11,木
胎,11,火
苔,11,木
酞,11,火
贪,11,火
猁,11,火
唳,11,火
笠,11,木
粒,11,火
梁,11,火
聊,11,火
啉,11,木
苓,11,木
羚,11,火
翎,11,火
聆,11,火
蛉,11,火
流,11,水
娄,11,火
卤,11,火
鹿,11,火
率,11,金
略,11,火
囵,11,火
捋,11,火
珞,11,火
麻,11,水
麦,11,水
脉,11,水
曼,11,水
硭,11,土
茅,11,木
茆,11,木
茂,11,木
袤,11,水
梅,11,木
浼,11,水
眯,11,水
茉,11,木
眸,11,水
苜,11,木
那,11,火
婥,11,火
讷,11,火
旎,11,木
埝,11,土
鸟,11,土
捏,11,金
涅,11,水
您,11,火
胬,11,火
钕,11,金
偶,11,木
啪,11,土
徘,11,水
胖,11,水
脬,11,水
袍,11,水
匏,11,水
胚,11,水
培,11,土
旆,11,水
珮,11,金
烹,11,水
堋,11,土
啤,11,水
埤,11,土
偏,11,水
殍,11,水
票,11,水
苤,11,木
贫,11,水
婆,11,水
笸,11,木
粕,11,水
浦,11,水
戚,11,火
崎,11,土
畦,11,土
启,11,木
弃,11,木
阡,11,金
钎,11,金
牵,11,土
乾,11,木
悄,11,木
茄,11,木
氢,11,金
卿,11,木
圊,11,金
顷,11,木
筇,11,木
蚯,11,木
区,11,木
蛆,11,木
朐,11,木
渠,11,水
娶,11,木
悛,11,木
圈,11,木
痊,11,木
悫,11,金
雀,11,金
蚺,11,金
苒,11,木
若,11,木
涩,11,水
啬,11,木
唼,11,金
啥,11,金
钐,11,金
苫,11,木
商,11,金
捎,11,金
梢,11,木
苕,11,木
绍,11,金
奢,11,金
蛇,11,金
设,11,金
涉,11,水
赦,11,金
绅,11,金
胂,11,金
笙,11,木
晟,11,火
售,11,金
倏,11,木
梳,11,木
孰,11,金
术,11,木
庶,11,金
唰,11,金
爽,11,金
笥,11,木
悚,11,金
讼,11,金
涑,11,水
宿,11,金
狻,11,金
眭,11,土
袒,11,火
堂,11,土
啕,11,火
剔,11,火
梯,11,木
悌,11,火
涕,11,水
笤,11,木
窕,11,土
屠,11,火
钍,11,金
豚,11,火
唾,11,火
娲,11,火
袜,11,火
烷,11,火
挽,11,火
晚,11,水
婉,11,土
望,11,水
偎,11,水
唯,11,土
帷,11,土
伟,11,土
尉,11,土
问,11,金
偓,11,木
梧,11,木
浯,11,水
迕,11,土
捂,11,土
牾,11,土
务,11,水
悟,11,木
晤,11,木
焐,11,火
晞,11,火
浠,11,水
悉,11,金
欷,11,金
烯,11,火
硒,11,土
习,11,水
觋,11,金
徙,11,金
细,11,金
狭,11,木
涎,11,水
舷,11,金
厢,11,木
祥,11,金
枭,11,木
消,11,水
崤,11,土
邪,11,水
挟,11,水
偕,11,木
斜,11,金
偰,11,金
械,11,木
訢,11,金
衅,11,金
邢,11,金
硎,11,土
勖,11,土
酗,11,金
旋,11,金
雪,11,水
珣,11,火
琊,11,土
崖,11,土
哑,11,土
讶,11,土
迓,11,土
娅,11,土
崦,11,土
焉,11,土
研,11,木
偃,11,土
厣,11,木
眼,11,木
痒,11,土
做,11,金
珧,11,火
野,11,土
痍,11,土
移,11,土
异,11,土
悒,11,木
挹,11,木
埸,11,土
翊,11,木
翌,11,土
狺,11,土
寅,11,土
茚,11,木
胤,11,木
英,11,木
迎,11,土
茔,11,土
唷,11,木
庸,11,土
涌,11,水
恿,11,土
悠,11,土
蚰,11,土
蚴,11,土
鱼,11,水
狳,11,土
雩,11,水
苑,11,木
悦,11,金
圉,11,木
庾,11,木
浴,11,水
域,11,土
欲,11,土
御,11,木
责,11,金
笮,11,木
舴,11,金
扎,11,金
蚱,11,金
砦,11,金
粘,11,金
斩,11,火
张,11,火
章,11,火
帐,11,火
啁,11,火
浙,11,水
侦,11,火
胗,11,金
振,11,火
峥,11,土
栀,11,金
胝,11,金
执,11,火
埴,11,土
趾,11,金
痔,11,火
窒,11,火
蛭,11,土
终,11,金
昼,11,金
珠,11,金
舳,11,火
苎,11,木
蛀,11,金
专,11,金
捉,11,火
棁,11,木
茁,11,木
浞,11,水
啄,11,火
着,11,金
梓,11,木
紫,11,金
眦,11,火
偬,11,火
族,11,金
组,11,金
胙,11,金
焮,12,火
捱,12,土
媕,12,土
啽,12,土
晻,12,土
胺,12,土
媪,12,土
傲,12,土
奡,12,土
跋,12,水
钯,12,金
掰,12,火
阪,12,水
钣,12,金
湴,12,水
绑,12,水
傍,12,水
棒,12,木
棓,12,水
堡,12,土
报,12,水
悲,12,水
邶,12,水
备,12,水
焙,12,火
贲,12,水
絣,12,水
琫,12,水
笔,12,木
诐,12,水
邲,12,水
堛,12,土
弼,12,水
皕,12,水
赑,12,水
揙,12,水
猋,12,水
幖,12,水
邴,12,水
啵,12,水
博,12,水
跛,12,水
钸,12,金
钚,12,水
瓿,12,水
猜,12,金
裁,12,金
采,12,火
残,12,金
伧,12,金
草,12,木
厕,12,金
策,12,木
嗏,12,金
茶,12,木
嵖,12,土
淏,12,水
皓,12,木
诃,12,水
喝,12,水
涸,12,水
訸,12,水
贺,12,水
黑,12,土
贴,12,火
婷,12,火
茼,12,木
童,12,金
统,12,木
筒,12,木
痛,12,火
觇,12,金
钙,12,金
尴,12,木
淦,12,水
绝,12,金
掘,12,木
厥,12,火
钧,12,金
淳,12,水
词,12,金
茈,12,木
茨,12,木
淙,12,水
饭,12,水
邡,12,水
钫,12,金
防,12,水
扉,12,水
淝,12,水
悱,12,水
斐,12,水
荇,12,木
悻,12,木
胸,12,金
雄,12,水
琇,12,金
须,12,金
欻,12,火
珺,12,木
竣,12,金
喀,12,木
开,12,木
凯,12,木
剀,12,金
幂,12,水
棉,12,木
黾,12,水
描,12,水
淼,12,水
闵,12,水
孱,12,金
猖,12,金
场,12,火
惝,12,金
敞,12,金
怅,12,金
钞,12,金
焯,12,火
超,12,金
朝,12,金
砗,12,土
掣,12,火
抻,12,金
牚,12,金
枨,12,木
程,12,火
塍,12,火
胵,12,金
啻,12,金
茺,12,木
惆,12,金
楮,12,木
篅,12,木
荈,12,木
喘,12,金
窗,12,金
创,12,金
捶,12,金
棰,12,木
猝,12,金
酢,12,金
悴,12,金
淬,12,水
毳,12,金
皴,12,金
嵯,12,金
痤,12,金
矬,12,金
措,12,金
嗒,12,火
答,12,木
傣,12,火
贷,12,火
单,12,火
淡,12,水
氮,12,火
悼,12,火
登,12,火
等,12,木
堤,12,土
迪,12,火
觌,12,火
诋,12,火
邸,12,火
第,12,木
棣,12,木
睇,12,火
掂,12,火
阽,12,火
惦,12,火
奠,12,土
貂,12,金
掉,12,金
跌,12,火
迭,12,木
喋,12,火
堞,12,土
耋,12,火
栋,12,木
钭,12,金
痘,12,火
短,12,火
惇,12,火
敦,12,火
钝,12,金
掇,12,火
恶,12,土
贰,12,金
发,12,水
筏,12,木
番,12,水
费,12,土
棼,12,木
焚,12,火
粪,12,水
冯,12,水
稃,12,水
跗,12,水
茯,12,木
涪,12,水
袱,12,水
幅,12,水
复,12,水
傅,12,水
富,12,水
皋,12,木
胳,12,木
袼,12,木
割,12,金
蛤,12,水
给,12,木
茛,12,木
钩,12,金
轱,12,木
觚,12,木
辜,12,金
酤,12,木
诂,12,木
雇,12,木
棺,12,木
贯,12,木
涫,12,水
胱,12,木
晷,12,木
贵,12,木
棍,12,木
聒,12,木
椁,12,木
胲,12,水
顸,12,水
邯,12,水
涵,12,水
寒,12,水
喊,12,水
琀,12,水
绗,12,水
闳,12,木
喉,12,木
堠,12,土
惚,12,水
壶,12,金
画,12,土
淮,12,水
唤,12,水
荒,12,木
黄,12,土
徨,12,水
茴,12,木
蛔,12,水
惠,12,水
混,12,水
耠,12,水
钬,12,火
惑,12,水
嵇,12,木
极,12,木
戢,12,木
棘,12,木
殛,12,木
集,12,木
几,12,木
掎,12,木
戟,12,金
悸,12,木
迦,12,木
袷,12,木
跏,12,木
间,12,木
犍,12,木
荐,12,木
渐,12,水
绛,12,木
茭,12,木
椒,12,木
焦,12,火
蛟,12,木
绞,12,木
窖,12,木
接,12,火
喈,12,木
嗟,12,火
街,12,木
杰,12,木
结,12,木
筋,12,木
荩,12,木
荆,12,水
晶,12,火
阱,12,木
景,12,木
痉,12,木
窘,12,木
啾,12,木
厩,12,木
就,12,火
掬,12,木
椐,12,木
莒,12,木
讵,12,木
距,12,木
犋,12,木
堪,12,土
闶,12,木
钪,12,木
轲,12,木
棵,12,木
吭,12,火
控,12,木
筐,12,木
贶,12,木
喹,12,土
傀,12,木
喟,12,木
焜,12,火
蛞,12,木
啦,12,火
喇,12,火
涞,12,水
岚,12,土
琅,12,火
稂,12,火
劳,12,火
塄,12,土
棱,12,木
犁,12,火
喱,12,火
韧,12,金
绒,12,金
茸,12,木
茹,12,木
阮,12,木
睃,12,金
邰,12,火
钛,12,金
覃,12,木
理,12,火
荔,12,木
傈,12,火
痢,12,火
詈,12,火
涼,12,水
椋,12,木
晾,12,火
量,12,火
捩,12,火
裂,12,火
趔,12,火
淋,12,水
淩,12,水
琉,12,火
硫,12,火
虏,12,火
渌,12,水
掠,12,火
抡,12,火
沦,12,水
络,12,木
荦,12,木
傌,12,水
买,12,水
荬,12,木
茫,12,水
蛑,12,水
贸,12,水
帽,12,水
媒,12,水
嵋,12,土
媚,12,水
寐,12,水
扪,12,水
闷,12,水
猛,12,水
脒,12,水
茗,12,木
钠,12,金
捺,12,火
喃,12,火
赧,12,火
垴,12,土
淖,12,水
能,12,火
猊,12,木
捻,12,火
甯,12,金
钮,12,金
傩,12,火
排,12,水
牌,12,水
跑,12,水
彭,12,水
棚,12,木
捧,12,水
邳,12,水
椑,12,木
痞,12,水
胼,12,水
评,12,水
迫,12,水
掊,12,金
裒,12,金
普,12,水
期,12,木
欺,12,木
祁,12,木
淇,12,水
棋,12,木
掐,12,木
钤,12,金
掮,12,木
浅,12,水
茜,12,木
嵌,12,木
强,12,木
羟,12,木
乔,12,木
钦,12,金
琴,12,木
禽,12,金
清,12,水
情,12,金
晴,12,火
氰,12,金
邱,12,木
球,12,木
诎,12,木
蛐,12,木
荃,12,木
筌,12,木
然,12,金
荏,12,木
闰,12,火
婼,12,火
脎,12,水
伞,12,金
散,12,金
丧,12,金
扫,12,金
嫂,12,金
森,12,木
痧,12,金
筛,12,木
跚,12,金
善,12,金
稍,12,金
邵,12,金
猞,12,金
畲,12,金
深,12,水
肾,12,金
甥,12,金
盛,12,金
剩,12,金
视,12,金
授,12,金
瘦,12,金
淑,12,水
疏,12,金
舒,12,金
黍,12,金
述,12,金
涮,12,水
税,12,金
顺,12,金
舜,12,金
丝,12,金
斯,12,金
俟,12,金
耜,12,木
淞,12,水
竦,12,金
嗖,12,金
酥,12,金
诉,12,金
粟,12,金
飧,12,金
毯,12,火
探,12,火
棠,12,木
淌,12,水
掏,12,火
淘,12,水
啼,12,火
替,12,金
添,12,水
淟,12,水
腆,12,火
掭,12,火
祧,12,火
迢,12,火
推,12,金
饨,12,火
跎,12,火
酡,12,火
椭,12,木
蛙,12,土
崴,12,土
惋,12,火
涴,12,水
皖,12,木
惘,12,火
为,12,土
围,12,土
帏,12,土
惟,12,土
喂,12,土
雯,12,水
涡,12,水
喔,12,火
窝,12,火
幄,12,火
硪,12,土
无,12,水
婺,12,土
痦,12,土
惜,12,金
淅,12,水
傒,12,金
晰,12,金
犀,12,金
稀,12,木
粞,12,金
翕,12,土
舾,12,金
喜,12,水
舄,12,金
硖,12,土
厦,12,木
闲,12,水
筅,12,木
现,12,水
羡,12,金
翔,12,土
项,12,水
象,12,金
硝,12,土
淆,12,水
婿,12,金
絮,12,金
喧,12,金
绚,12,金
寻,12,火
荀,12,木
循,12,火
徇,12,水
巽,12,火
涯,12,水
雅,12,木
淹,12,水
掩,12,木
砚,12,土
堰,12,土
焱,12,火
雁,12,木
蛘,12,火
尧,12,木
轺,12,火
傜,12,木
揶,12,土
掖,12,土
液,12,水
猗,12,土
壹,12,土
诒,12,土
迤,12,土
荑,12,木
贻,12,土
胰,12,土
椅,12,木
轶,12,火
茵,12,木
喑,12,土
堙,12,土
淫,12,水
硬,12,木
哟,12,木
喁,12,土
釉,12,土
淤,12,水
嵛,12,土
媛,12,火
钥,12,金
粤,12,土
越,12,土
云,12,水
驭,12,木
饫,12,木
淯,12,水
喻,12,金
寓,12,木
渊,12,水
鼋,12,土
崽,12,土
咱,12,金
凿,12,金
枣,12,金
迮,12,金
曾,12,金
喳,12,金
诈,12,金
栈,12,木
掌,12,金
诏,12,金
棹,12,木
哲,12,火
蛰,12,火
诊,12,火
轸,12,火
挣,12,金
狰,12,金
证,12,火
帧,12,金
脂,12,金
植,12,木
殖,12,金
絷,12,金
跖,12,土
轵,12,金
彘,12,火
智,12,火
痣,12,火
众,12,金
粥,12,水
轴,12,火
茱,12,木
蛛,12,金
贮,12,金
椎,12,木
涿,12,水
兹,12,金
淄,12,水
粢,12,火
棕,12,木
诅,12,金
最,12,木
尊,12,金
阼,12,金
聖,13,土
阿,13,土
嗄,13,木
矮,13,土
爱,13,土
嗌,13,土
揞,13,土
暗,13,土
嗷,13,土
嶅,13,土
廒,13,土
奥,13,土
靶,13,水
稗,13,火
颁,13,水
斑,13,水
斒,13,水
稖,13,水
煲,13,火
雹,13,水
陂,13,水
碑,13,土
琲,13,水
碚,13,土
迸,13,水
荸,13,木
哔,13,水
铋,13,金
愊,13,水
愎,13,水
煏,13,火
痹,13,水
辟,13,水
閟,13,水
箅,13,木
煸,13,火
惼,13,水
飑,13,水
禀,13,水
摒,13,水
钵,13,金
脖,13,水
钹,13,金
铂,13,金
渤,13,水
补,13,水
踩,13,金
粲,13,金
恻,13,金
测,13,水
筴,13,木
插,13,金
搽,13,木
猹,13,木
槎,13,木
诧,13,金
茝,13,木
号,13,水
嗬,13,木
郃,13,水
荷,13,木
貉,13,水
跳,13,火
莛,13,木
蜓,13,火
艇,13,火
酮,13,金
荼,13,木
该,13,木
陔,13,木
赅,13,木
溉,13,水
戤,13,木
概,13,木
感,13,木
幹,13,木
筠,13,木
蠢,13,金
跐,13,金
琮,13,金
貅,13,金
绣,13,金
诩,13,土
揩,13,木
垲,13,土
慨,13,木
楷,13,木
娩,13,木
渺,13,水
湣,13,水
愍,13,水
琛,13,金
嗔,13,金
脭,13,金
裎,13,火
嗤,13,火
媸,13,火
絺,13,金
驰,13,火
饬,13,金
傺,13,金
愁,13,金
稠,13,金
酬,13,金
滁,13,水
蜍,13,金
楚,13,金
揣,13,金
传,13,火
歂,13,金
椿,13,木
催,13,金
榱,13,木
瘁,13,金
搓,13,金
脞,13,金
搭,13,火
靼,13,火
迨,13,火
亶,13,火
当,13,火
砀,13,火
戥,13,木
荻,13,木
嗲,13,火
碘,13,土
电,13,火
钿,13,金
殿,13,火
碉,13,土
揲,13,火
牒,13,火
鼎,13,火
碇,13,土
督,13,火
堵,13,金
渡,13,水
椴,13,木
煅,13,火
碓,13,土
顿,13,火
躲,13,火
惰,13,火
跺,13,火
莪,13,木
蛾,13,木
愕,13,木
烦,13,火
痱,13,土
沨,13,水
枫,13,木
蜂,13,水
莩,13,木
脯,13,水
港,13,水
筻,13,木
嗝,13,木
塥,13,木
跟,13,木
绠,13,木
觥,13,火
诟,13,木
彀,13,木
钴,13,金
痼,13,木
诖,13,木
琯,13,木
诡,13,木
跪,13,木
傼,13,水
颃,13,水
嗥,13,水
猴,13,木
郈,13,水
逅,13,木
轷,13,水
湖,13,水
猢,13,水
煳,13,火
琥,13,水
话,13,土
觟,13,土
郇,13,水
换,13,水
涣,13,水
焕,13,火
豢,13,水
惶,13,水
湟,13,水
煌,13,火
晃,13,火
幌,13,火
诙,13,火
挥,13,水
晖,13,水
汇,13,水
会,13,水
贿,13,水
喙,13,水
毁,13,水
浑,13,水
迹,13,火
畸,13,木
嫉,13,木
楫,13,木
嵴,13,土
麂,13,木
荚,13,木
贾,13,水
钾,13,金
嫁,13,木
湔,13,水
煎,13,火
拣,13,木
笕,13,木
减,13,木
碱,13,土
楗,13,木
毽,13,木
茳,13,水
酱,13,木
郊,13,木
跤,13,木
脚,13,木
湫,13,水
剿,13,金
敫,13,木
较,13,水
揭,13,木
诘,13,木
捷,13,金
睫,13,木
解,13,木
仅,13,木
禁,13,木
靳,13,木
经,13,木
茎,13,木
睛,13,木
粳,13,水
胫,13,木
敬,13,木
靖,13,金
迥,13,木
鸠,13,水
揪,13,木
舅,13,木
琚,13,木
雎,13,木
榉,13,木
钜,13,金
绢,13,木
戡,13,木
莰,13,木
钶,13,金
稞,13,木
窠,13,木
渴,13,水
嗑,13,木
筘,13,木
窟,13,木
夸,13,木
蒯,13,木
块,13,土
诓,13,木
揆,13,木
暌,13,木
跬,13,土
琨,13,木
髡,13,木
廓,13,木
睐,13,火
啷,13,火
莨,13,木
廊,13,火
酪,13,火
雷,13,水
诔,13,火
傫,13,火
楞,13,木
愣,13,火
莉,13,木
蜊,13,火
饪,13,金
揉,13,金
嗦,13,金
羧,13,金
唢,13,金
铊,13,金
塌,13,土
塔,13,火
痰,13,火
里,13,火
莅,13,木
廉,13,木
炼,13,火
楝,13,木
粱,13,水
琳,13,木
赁,13,火
铃,13,金
零,13,火
旒,13,火
偻,13,火
赂,13,火
辂,13,火
琭,13,火
禄,13,火
路,13,火
乱,13,火
妈,13,水
吗,13,水
莽,13,木
铆,13,金
莓,13,木
湄,13,水
猸,13,水
楣,13,木
煤,13,火
渼,13,水
盟,13,水
迷,13,水
酩,13,水
莫,13,水
貊,13,水
钼,13,金
募,13,木
睦,13,火
乃,13,火
楠,13,木
恼,13,火
铌,13,金
逆,13,木
睨,13,木
袅,13,土
脲,13,水
农,13,火
暖,13,火
琶,13,水
筢,13,木
湃,13,水
逄,13,火
刨,13,金
湓,13,水
硼,13,土
铍,13,金
琵,13,水
媲,13,水
睥,13,水
犏,13,水
剽,13,水
榀,13,木
聘,13,水
瓶,13,水
钷,13,金
莆,13,木
颀,13,木
琦,13,木
琪,13,木
祺,13,木
佥,13,木
铅,13,金
愆,13,木
钳,13,金
箝,13,木
呛,13,木
蜣,13,金
樯,13,木
愀,13,木
惬,13,金
勤,13,木
嗪,13,金
倾,13,木
銎,13,金
楸,13,木
裘,13,水
诠,13,木
辁,13,木
裙,13,木
群,13,木
惹,13,水
稔,13,火
塞,13,金
嗓,13,木
搔,13,金
莎,13,木
裟,13,金
歃,13,金
煞,13,金
伤,13,金
筲,13,木
艄,13,金
蛸,13,金
诜,13,金
椹,13,木
蜃,13,金
圣,13,土
嵊,13,土
诗,13,金
狮,13,金
势,13,金
试,13,金
轼,13,金
筮,13,木
毹,13,金
暑,13,金
鼠,13,金
蜀,13,金
竖,13,木
睡,13,金
嗍,13,金
嗣,13,金
肆,13,金
嵩,13,土
送,13,金
颂,13,木
搜,13,金
肃,13,金
嗉,13,金
塑,13,土
荽,13,木
睢,13,金
绥,13,水
岁,13,金
碎,13,土
钽,13,金
汤,13,水
塘,13,土
逃,13,火
绨,13,火
提,13,火
填,13,土
湍,13,水
退,13,火
煺,13,火
蜕,13,火
脱,13,火
驮,13,火
陀,13,火
顽,13,火
莞,13,木
脘,13,火
琬,13,土
畹,13,火
碗,13,土
微,13,水
煨,13,火
嵬,13,土
湋,13,水
炜,13,火
猥,13,土
痿,13,土
艉,13,土
渭,13,水
猬,13,土
温,13,土
莴,13,木
蜗,13,火
握,13,土
渥,13,水
斡,13,木
呜,13,土
蜈,13,土
坞,13,土
珷,13,木
皙,13,木
熄,13,火
熙,13,水
媳,13,金
郄,13,金
暇,13,木
莶,13,木
酰,13,金
嫌,13,金
蚬,13,金
跣,13,金
苋,13,木
湘,13,水
详,13,金
想,13,金
绡,13,金
楔,13,木
歇,13,木
渫,13,水
莘,13,木
新,13,金
歆,13,金
惺,13,金
猩,13,金
溆,13,水
嗅,13,金
煦,13,金
揎,13,金
暄,13,金
煊,13,火
铉,13,金
渲,13,水
楦,13,木
靴,13,木
勋,13,土
埙,13,土
驯,13,金
询,13,金
睚,13,土
衙,13,土
揠,13,土
烟,13,火
湮,13,水
筵,13,木
蜒,13,土
琰,13,火
罨,13,木
扬,13,火
旸,13,火
杨,13,木
炀,13,火
徭,13,火
椰,13,木
爷,13,土
业,13,木
揖,13,土
饴,13,土
义,13,木
诣,13,土
意,13,土
肄,13,木
裔,13,土
饮,13,土
楹,13,木
佣,13,土
雍,13,土
蛹,13,土
犹,13,土
莜,13,木
莸,13,木
铀,13,金
游,13,水
猷,13,土
莠,13,木
铕,13,金
渝,13,水
瘀,13,土
愉,13,金
揄,13,金
愚,13,木
榆,13,木
虞,13,火
蝓,13,金
伛,13,金
钺,13,金
氲,13,土
恽,13,土
晕,13,土
愠,13,土
瘐,13,木
郁,13,水
钰,13,金
预,13,木
裕,13,金
愈,13,金
煜,13,火
园,13,土
圆,13,土
援,13,土
塬,13,土
载,13,金
贼,13,金
揸,13,金
渣,13,水
楂,13,木
闸,13,金
债,13,金
詹,13,火
盏,13,火
湛,13,水
照,13,火
罩,13,火
蜇,13,火
浈,13,水
桢,13,木
斟,13,金
钲,13,金
睁,13,金
黹,13,金
酯,13,金
郅,13,火
轾,13,土
滞,13,水
稚,13,土
置,13,火
雉,13,火
嗡,13,土
诛,13,金
邾,13,金
瘃,13,金
渚,13,水
煮,13,水
庄,13,金
装,13,金
追,13,火
惴,13,火
琢,13,火
赀,13,火
资,13,金
孳,13,木
嵫,13,土
觜,13,火
趑,13,火
訾,13,火
揍,13,金
阻,13,金
罪,13,木
铵,14,金
肮,14,土
獒,14,土
熬,14,火
菝,14,木
搬,14,水
蝂,14,水
榜,14,木
塝,14,土
饱,14,水
菢,14,木
悖,14,水
绷,14,水
嘣,14,水
菶,14,木
鼻,14,水
币,14,水
萆,14,木
滗,14,水
裨,14,水
弊,14,水
碧,14,水
馝,14,水
碥,14,土
稨,14,水
艑,14,金
滮,14,水
裱,14,水
宾,14,水
菠,14,水
驳,14,水
搏,14,水
僰,14,水
箔,14,水
逋,14,水
綵,14,金
菜,14,木
沧,14,水
嘈,14,金
察,14,金
碴,14,土
郝,14,金
滈,14,水
阂,14,水
菏,14,水
赫,14,木
铫,14,金
萜,14,木
通,14,火
铜,14,金
僮,14,金
骰,14,金
透,14,火
图,14,火
途,14,金
瘥,14,金
嘎,14,木
赶,14,木
纲,14,木
劂,14,金
皲,14,木
菌,14,木
郡,14,木
绰,14,火
慈,14,金
雌,14,金
绯,14,水
菲,14,木
蜚,14,水
腓,14,水
榧,14,木
翡,14,水
熊,14,水
溴,14,水
顼,14,土
嘘,14,土
需,14,金
墟,14,土
恺,14,火
嘧,14,水
蜜,14,水
绵,14,水
瞄,14,水
灭,14,水
闽,14,水
鸣,14,水
僝,14,金
菖,14,木
苌,14,木
尝,14,木
嫦,14,金
玚,14,金
畅,14,火
綝,14,金
尘,14,火
墋,14,土
称,14,金
诚,14,金
铖,14,金
酲,14,金
逞,14,火
篪,14,木
铳,14,金
搊,14,金
绸,14,金
裯,14,金
瞅,14,火
殠,14,金
搐,14,金
滀,14,水
搋,14,金
椽,14,木
僢,14,金
怆,14,金
菙,14,木
萃,14,木
粹,14,金
翠,14,金
瘩,14,火
呆,14,水
诞,14,土
萏,14,木
菪,14,木
捣,14,火
凳,14,木
嘀,14,火
涤,14,水
嫡,14,火
递,14,火
碲,14,土
滇,14,水
垫,14,土
铞,14,金
碟,14,土
腚,14,火
铥,14,金
胨,14,火
郖,14,火
逗,14,火
睹,14,金
端,14,火
对,14,火
裰,14,火
夺,14,火
摁,14,木
尔,14,火
铒,14,金
罚,14,金
阀,14,金
偾,14,水
疯,14,水
砜,14,土
逢,14,水
凤,14,水
孵,14,水
郛,14,水
菔,14,木
福,14,水
辅,14,水
腑,14,水
滏,14,水
腐,14,水
睾,14,木
膏,14,木
搞,14,木
槁,14,木
诰,14,木
郜,14,木
歌,14,木
阁,14,水
搿,14,木
铬,14,金
箇,14,木
郠,14,木
沟,14,水
构,14,木
菇,14,木
菰,14,木
箍,14,木
鼓,14,木
嘏,14,水
寡,14,水
褂,14,木
管,14,木
逛,14,木
闺,14,土
绲,14,木
滚,14,水
帼,14,木
蜾,14,木
裹,14,火
铪,14,金
嗨,14,水
菡,14,木
豪,14,水
瘊,14,木
瑚,14,水
华,14,水
滑,14,水
猾,14,水
划,14,金
槐,14,木
萑,14,木
痪,14,水
滉,14,水
珲,14,水
诲,14,水
魂,14,水
溷,14,水
伙,14,火
夥,14,木
祸,14,水
箕,14,木
暨,14,木
跽,14,木
嘉,14,木
郏,14,木
瘕,14,木
监,14,土
笺,14,木
菅,14,木
搛,14,木
戬,14,木
僭,14,木
奖,14,火
降,14,木
僬,14,木
侥,14,木
饺,14,木
铰,14,金
酵,14,木
截,14,木
碣,14,土
竭,14,木
诫,14,木
骱,14,木
紧,14,木
廑,14,木
尽,14,火
菁,14,木
腈,14,木
兢,14,木
精,14,金
境,14,土
僦,14,木
裾,14,木
菊,14,木
矩,14,木
聚,14,金
忾,14,木
铐,14,金
犒,14,木
溘,14,水
裉,14,木
箜,14,木
骷,14,木
酷,14,木
筷,14,木
逵,14,土
魁,14,木
睽,14,木
匮,14,木
愧,14,木
壸,14,土
瘌,14,火
辣,14,火
莱,14,木
罱,14,火
滥,14,水
郎,14,火
榔,14,木
铑,14,金
嫪,14,火
嫘,14,火
酹,14,火
嘞,14,火
嫠,14,火
荣,14,木
溶,14,水
榕,14,木
熔,14,火
铷,14,金
溽,14,水
损,14,金
榫,14,木
溻,14,水
榻,14,木
台,14,火
态,14,火
溧,14,水
奁,14,火
连,14,火
墚,14,土
踉,14,火
僚,14,火
寥,14,火
廖,14,火
粼,14,火
绫,14,火
菱,14,木
领,14,火
溜,14,水
熘,14,火
榴,14,木
绺,14,火
喽,14,火
嵝,14,土
陋,14,火
闾,14,金
绿,14,火
纶,14,火
裸,14,火
雒,14,火
犸,14,水
杩,14,木
唛,14,水
嘛,14,水
樠,14,木
墁,14,土
幔,14,水
髦,14,水
瑁,14,水
瞀,14,水
么,14,水
酶,14,水
萌,14,木
艋,14,水
蜢,14,水
冥,14,水
铭,14,金
溟,14,水
暝,14,水
嫫,14,水
麽,14,水
陌,14,水
寞,14,水
墓,14,木
幕,14,木
萘,14,木
瑙,14,火
嫩,14,火
溺,14,水
陧,14,金
宁,14,火
喏,14,火
搦,14,火
呕,14,土
箄,14,木
滂,14,水
裴,14,木
搒,14,水
碰,14,土
脾,14,水
罴,14,水
蜱,14,水
嘌,14,水
嫖,14,水
萍,14,水
颇,14,水
仆,14,水
菩,14,木
溥,14,水
桤,14,木
萋,14,木
嘁,14,木
齐,14,金
萁,14,木
旗,14,木
綦,14,木
蜞,14,水
绮,14,木
綮,14,金
葺,14,木
搴,14,木
慊,14,金
堑,14,土
歉,14,木
戗,14,金
枪,14,木
腔,14,金
抢,14,金
炝,14,火
劁,14,金
敲,14,木
侨,14,木
诮,14,木
箧,14,木
溱,14,水
寝,14,金
轻,14,木
蜻,14,金
箐,14,木
逑,14,木
赇,14,木
巯,14,木
岖,14,土
铨,14,金
蜷,14,木
绻,14,木
榷,14,木
逡,14,金
认,14,金
瑞,14,金
睿,14,金
箬,14,木
飒,14,水
搡,14,金
瘙,14,金
铯,14,金
瑟,14,木
僧,14,金
煽,14,火
墒,14,土
裳,14,火
绱,14,金
韶,14,金
赊,14,金
慎,14,金
实,14,金
饰,14,岁
逝,14,金
誓,14,金
寿,14,金
绶,14,金
菽,14,木
塾,14,土
署,14,金
墅,14,土
说,14,金
硕,14,土
搠,14,金
嗽,14,金
槊,14,木
饲,14,水
菘,14,木
诵,14,金
溲,14,水
嗾,14,金
瞍,14,金
速,14,金
愫,14,金
溯,14,水
僳,14,金
觫,14,金
酸,14,金
算,14,木
狲,14,金
叹,14,火
碳,14,土
搪,14,火
溏,14,水
耥,14,火
趟,14,火
慆,14,火
滔,14,水
萄,14,木
慝,14,火
滕,14,火
逖,14,火
惕,14,火
裼,14,火
舔,14,火
蜩,14,火
酴,14,金
菟,14,木
团,14,火
箨,14,火
蜿,14,火
绾,14,火
菀,14,木
腕,14,火
网,14,水
维,14,土
伪,14,木
玮,14,土
萎,14,木
瘟,14,水
闻,14,水
诬,14,土
郚,14,水
舞,14,水
误,14,土
寤,14,土
诶,14,火
郗,14,水
菥,14,木
溪,14,水
僖,14,金
蜥,14,金
铣,14,金
屣,14,金
郤,14,金
禊,14,金
瑕,14,土
衔,14,金
线,14,金
限,14,金
像,14,金
逍,14,金
箫,14,木
携,14,水
鞋,14,土
榍,14,木
榭,14,木
碹,14,土
踅,14,水
熏,14,水
窨,14,水
菸,14,木
腌,14,土
嫣,14,土
厌,14,木
酽,14,木
鞅,14,火
疡,14,火
摇,14,火
耶,14,土
铘,14,金
腋,14,土
祎,14,土
铱,14,金
疑,14,木
旖,14,土
溢,14,水
瘗,14,木
蜴,14,木
劓,14,金
铟,14,金
银,14,金
夤,14,土
瑛,14,土
荥,14,水
荧,14,火
萤,14,木
郢,14,木
墉,14,土
踊,14,土
诱,14,土
萸,14,木
腴,14,金
瑜,14,金
窬,14,金
与,14,土
源,14,水
猿,14,土
瑗,14,木
愿,14,木
殒,14,土
语,14,木
妪,14,木
毓,14,火
鸢,14,土
冤,14,土
箢,14,木
菑,14,木
臧,14,金
造,14,金
啧,14,金
帻,14,金
榨,14,木
翟,14,土
寨,14,木
崭,14,土
搌,14,火
绽,14,火
嫜,14,火
彰,14,火
胀,14,火
嶂,14,土
幛,14,火
赵,14,火
肇,14,木
这,14,火
祯,14,火
甄,14,金
榛,14,木
赈,14,金
筝,14,木
蜘,14,金
摭,14,金
制,14,火
种,14,火
碡,14,金
帚,14,金
铢,14,金
逐,14,火
坠,14,土
缀,14,火
准,14,土
缁,14,火
滋,14,水
滓,14,水
综,14,金
腙,14,金
粽,14,金
菹,14,木
僔,14,金
萪,15,木
锕,15,金
皑,15,火
僾,15,火
腤,15,土
鞍,15,土
璈,15,土
墺,15,土
鲃,15,水
魃,15,水
罢,15,水
瘢,15,水
魬,15,水
褒,15,水
鸨,15,水
葆,15,木
褓,15,水
暴,15,水
钡,15,金
辈,15,水
褙,15,水
骳,15,水
奔,15,水
陛,15,水
腷,15,水
駜,15,水
髲,15,水
编,15,水
萹,15,木
箯,15,木
蝙,15,水
褊,15,水
缏,15,水
标,15,木
熛,15,火
麃,15,水
摽,15,水
憋,15,水
饼,15,水
嶓,15,土
葧,15,水
踣,15,水
餔,15,水
部,15,水
惭,15,金
惨,15,金
漕,15,水
槽,15,木
箣,15,木
噌,15,火
层,15,火
嶒,15,土
艖,15,金
颌,15,水
褐,15,水
嘿,15,土
葶,15,木
霆,15,水
铤,15,金
掺,15,金
摻,15,金
赋,15,水
腹,15,水
蝜,15,水
蝮,15,水
澉,15,水
橄,15,木
漘,15,水
醇,15,水
踳,15,金
踔,15,火
逴,15,火
辍,15,火
磁,15,土
赐,15,金
枞,15,木
腠,15,火
范,15,水
鲂,15,水
诽,15,水
废,15,土
锈,15,金
糈,15,土
蒈,15,木
缅,15,水
面,15,木
缈,15,水
庙,15,水
缗,15,水
婵,15,金
鋋,15,金
廛,15,金
浐,15,水
谄,15,金
肠,15,金
厂,15,金
麨,15,金
彻,15,火
郴,15,木
瞋,15,金
墀,15,土
漦,15,金
踟,15,火
齿,15,火
憏,15,火
瘛,15,金
憃,15,火
摴,15,金
樗,15,木
除,15,火
厨,15,金
锄,15,金
褚,15,火
諔,15,金
嘬,15,金
疮,15,金
摐,15,金
噇,15,金
蝽,15,水
醋,15,金
摧,15,金
磋,15,土
锉,15,金
褡,15,火
逮,15,火
儋,15,火
弹,15,火
稻,15,木
德,15,火
噔,15,木
嶝,15,土
滴,15,水
敌,15,火
骶,15,火
缔,15,火
蒂,15,木
踮,15,火
调,15,火
蝶,15,火
董,15,火
陡,15,火
嘟,15,金
缎,15,火
墩,15,土
堕,15,土
锇,15,金
腭,15,木
饵,15,火
幡,15,水
樊,15,木
坟,15,土
葑,15,木
锋,15,金
肤,15,水
敷,15,金
幞,15,水
蝠,15,水
驸,15,水
稿,15,木
锆,15,金
葛,15,木
赓,15,木
巩,15,木
缑,15,水
穀,15,木
盥,15,水
广,15,木
妫,15,木
瑰,15,木
刽,15,金
刿,15,金
磙,15,土
郭,15,木
掴,15,木
虢,15,水
憨,15,水
汉,15,水
撖,15,水
荭,15,木
篌,15,木
糇,15,木
滹,15,水
葫,15,木
槲,15,木
糊,15,土
蝴,15,土
浒,15,水
沪,15,水
哗,15,水
踝,15,水
缓,15,火
逭,15,水
漶,15,水
篁,15,木
蝗,15,木
辉,15,水
麾,15,水
慧,15,水
叽,15,木
缉,15,木
赍,15,木
稽,15,木
瘠,15,木
挤,15,木
稷,15,木
葭,15,木
铗,15,金
价,15,木
驾,15,木
稼,15,木
缄,15,金
俭,15,木
翦,15,木
剑,15,金
贱,15,木
腱,15,木
践,15,火
箭,15,木
浆,15,水
僵,15,木
桨,15,木
娇,15,木
胶,15,木
峤,15,土
噍,15,木
节,15,金
颉,15,木
羯,15,木
槿,15,木
进,15,火
儆,15,木
靓,15,金
獍,15,木
阄,15,木
樛,15,木
驹,15,木
锔,15,金
剧,15,金
踞,15,木
噘,15,火
慷,15,木
靠,15,木
颏,15,木
瞌,15,木
磕,15,土
蝌,15,木
课,15,木
缂,15,木
锞,15,金
抠,15,木
刳,15,金
侉,15,木
侩,15,木
宽,15,木
款,15,木
诳,15,木
葵,15,木
蝰,15,土
醌,15,木
阃,15,木
赉,15,火
漤,15,水
锒,15,金
阆,15,火
唠,15,火
崂,15,土
乐,15,火
磊,15,土
黎,15,火
葚,15,木
糅,15,金
锐,15,金
琐,15,金
踏,15,火
骀,15,火
谈,15,火
郯,15,火
锂,15,金
厉,15,火
涟,15,水
练,15,火
谅,15,火
辆,15,火
嘹,15,火
寮,15,火
撂,15,火
嶙,15,土
凛,15,水
刘,15,火
瘤,15,火
锍,15,金
楼,15,木
搂,15,火
漏,15,水
鲁,15,火
逯,15,火
漉,15,水
戮,15,火
履,15,水
虑,15,火
锊,15,金
轮,15,火
论,15,火
脶,15,火
落,15,水
玛,15,水
码,15,水
祃,15,水
劢,15,水
卖,15,水
鞔,15,水
满,15,水
慢,15,水
漫,15,水
熳,15,火
漭,15,水
猫,15,水
蝥,15,水
貌,15,水
霉,15,水
魅,15,水
瞑,15,水
摸,15,水
模,15,木
摩,15,水
漠,15,水
墨,15,水
慕,15,水
暮,15,水
鼐,15,火
腩,15,火
蝻,15,火
脑,15,火
闹,15,火
馁,15,火
辇,15,火
碾,15,土
嬲,15,土
侬,15,火
驽,15,火
挪,15,火
噢,15,火
欧,15,土
殴,15,土
耦,15,木
怄,15,土
沤,15,水
葩,15,木
蒎,15,水
盘,15,水
磐,15,土
醅,15,水
赔,15,水
喷,15,水
嘭,15,水
劈,15,金
郫,15,水
陴,15,水
僻,15,火
篇,15,木
翩,15,水
漂,15,水
魄,15,水
铺,15,金
噗,15,水
葡,15,木
槭,15,木
漆,15,水
憩,15,水
葜,15,木
悭,15,木
椠,15,木
嵚,15,土
噙,15,金
锓,15,金
请,15,金
庆,15,木
穷,15,木
茕,15,木
萩,15,木
蝤,15,木
趣,15,金
确,15,土
髯,15,金
热,15,火
腮,15,金
毵,15,金
磉,15,金
傻,15,金
陕,15,金
殇,15,金
熵,15,火
赏,15,金
审,15,金
谂,15,金
渗,15,水
胜,15,金
蚀,15,金
驶,15,金
奭,15,金
艏,15,金
枢,15,木
熟,15,金
数,15,金
腧,15,金
漱,15,水
摔,15,金
谁,15,金
咝,15,金
缌,15,金
嘶,15,金
驷,15,金
艘,15,金
螋,15,金
谇,15,金
赕,15,火
羰,15,火
瑭,15,火
樘,15,木
躺,15,火
铽,15,火
锑,15,金
踢,15,火
缇,15,火
髫,15,火
抟,15,火
腿,15,金
褪,15,火
驼,15,火
腽,15,火
豌,15,土
万,15,水
辋,15,火
逶,15,水
葳,15,木
纬,15,土
苇,15,木
诿,15,土
蒍,15,木
卫,15,土
慰,15,土
妩,15,木
庑,15,土
鋈,15,金
嘻,15,金
嬉,15,水
葸,15,木
虾,15,水
瞎,15,木
贤,15,木
娴,15,土
陷,15,金
缐,15,金
腺,15,金
缃,15,木
葙,15,木
箱,15,木
饷,15,水
哓,15,金
销,15,金
霄,15,水
蝎,15,木
勰,15,水
写,15,水
锌,15,金
腥,15,金
陉,15,金
绪,15,金
萱,15,木
儇,15,金
漩,15,水
鸦,15,土
演,15,水
养,15,土
样,15,木
漾,15,水
腰,15,火
瑶,15,火
噎,15,土
叶,15,土
靥,15,土
漪,15,水
仪,15,木
颐,15,土
亿,15,土
谊,15,木
逸,15,土
毅,15,木
熠,15,火
莹,15,木
颍,15,水
影,15,土
媵,15,木
慵,15,土
忧,15,土
邮,15,土
鱿,15,土
蝣,15,土
牖,15,土
谀,15,土
渔,15,水
院,15,土
阅,15,土
缊,15,金
熨,15,火
窳,15,木
缘,15,土
糌,15,金
暂,15,火
驵,15,金
葬,15,木
噪,15,金
增,15,土
锃,15,金
摘,15,火
漳,15,水
獐,15,火
樟,15,木
涨,15,水
账,15,火
折,15,火
辄,15,火
磔,15,土
赭,15,火
箴,15,木
稹,15,金
阵,15,火
鸩,15,火
震,15,水
征,15,火
诤,15,火
帜,15,金
质,15,火
陟,15,金
挚,15,金
觯,15,火
肿,15,火
荮,15,木
皱,15,金
嘱,15,金
驻,15,火
著,15,木
筑,15,木
箸,15,木
翥,15,金
幢,15,金
缒,15,火
谆,15,金
诼,15,金
禚,15,火
辎,15,火
渍,15,水
踪,15,金
诹,15,金
陬,15,金
醉,15,木
嫿,15,木
婳,15,木
嬅,15,木
曈,16,火
嗳,16,土
嫒,16,土
谙,16,土
聱,16,土
螯,16,土
澳,16,水
懊,16,土
鲅,16,水
办,16,水
磅,16,土
鲍,16,水
虣,16,水
惫,16,水
蓓,16,木
糒,16,水
锛,16,金
甏,16,水
荜,16,木
筚,16,木
蓖,16,木
壁,16,土
嬖,16,水
篦,16,木
觱,16,水
鮅,16,水
鞞,16,水
遍,16,水
辨,16,水
瘭,16,水
傧,16,水
拨,16,水
饽,16,水
播,16,水
鲌,16,水
膊,16,水
馞,16,水
蔀,16,木
篰,16,木
餐,16,金
憯,16,金
穇,16,金
苍,16,木
舱,16,金
糙,16,金
蹅,16,金
侪,16,金
翮,16,水
横,16,木
衡,16,土
潼,16,水
头,16,火
幨,16,金
鲋,16,水
噶,16,木
盖,16,木
钢,16,金
獗,16,火
噱,16,水
橛,16,木
麇,16,木
莼,16,木
錞,16,金
糍,16,金
璁,16,金
辏,16,火
霏,16,水
篚,16,木
髹,16,金
悯,16,水
潺,16,水
阊,16,金
氅,16,金
鋹,16,金
潮,16,水
撤,16,火
澈,16,水
陈,16,火
谌,16,金
碜,16,土
踸,16,金
赪,16,金
撑,16,火
澄,16,水
橙,16,木
鸱,16,火
褫,16,金
炽,16,火
憧,16,金
瘳,16,金
篘,16,木
俦,16,火
踹,16,金
遄,16,金
陲,16,金
锤,16,金
輴,16,金
璀,16,金
撮,16,金
蹉,16,金
鹾,16,金
错,16,金
达,16,火
殚,16,火
掸,16,火
惮,16,火
导,16,火
道,16,火
锝,16,金
灯,16,火
谛,16,火
雕,16,金
谍,16,火
蹀,16,火
锭,16,金
都,16,火
笃,16,木
赌,16,火
憝,16,火
吨,16,火
炖,16,火
遁,16,火
踱,16,火
饿,16,木
谔,16,木
鄂,16,木
阏,16,木
萼,16,木
遏,16,木
噩,16,木
蒽,16,木
燔,16,火
奋,16,水
愤,16,水
讽,16,水
辐,16,金
抚,16,水
篙,16,木
糕,16,木
缟,16,木
膈,16,木
骼,16,木
鸪,16,木
毂,16,木
锢,16,金
惯,16,土
掼,16,木
龟,16,木
辊,16,木
过,16,木
骸,16,水
骇,16,水
颔,16,水
翰,16,水
蒿,16,木
嚆,16,木
黉,16,木
骺,16,木
鲎,16,木
醐,16,水
桦,16,木
寰,16,水
慌,16,木
隍,16,木
遑,16,水
潢,16,水
讳,16,水
荤,16,木
阍,16,水
馄,16,水
锪,16,金
机,16,木
积,16,火
畿,16,木
墼,16,木
蒺,16,木
辑,16,金
剂,16,木
冀,16,木
髻,16,木
颊,16,木
缣,16,木
蒹,16,木
涧,16,水
谏,16,木
踺,16,木
彊,16,木
耩,16,木
犟,16,木
浇,16,水
挢,16,木
徼,16,木
洁,16,水
锦,16,金
瑾,16,火
缙,16,木
噤,16,木
颈,16,木
憬,16,木
静,16,金
橘,16,木
举,16,木
踽,16,木
锯,16,金
窭,16,木
锩,16,金
鄄,16,木
撅,16,火
瞰,16,木
垦,16,土
眍,16,木
裤,16,木
垮,16,土
哙,16,木
窥,16,木
愦,16,木
溃,16,水
锟,16,金
铼,16,金
赖,16,火
褴,16,火
螂,16,火
捞,16,火
潦,16,水
涝,16,水
擂,16,火
缡,16,火
璃,16,火
罹,16,火
蓉,16,木
融,16,土
蹂,16,金
儒,16,金
缛,16,金
蓐,16,木
褥,16,金
蓑,16,木
鲐,16,火
坛,16,土
昙,16,火
锬,16,金
历,16,火
篥,16,木
琏,16,火
撩,16,火
獠,16,火
燎,16,火
霖,16,水
廪,16,火
陵,16,火
遛,16,火
龙,16,火
瘘,16,火
卢,16,火
陆,16,火
录,16,火
骆,16,火
蚂,16,水
骂,16,水
瞒,16,水
螨,16,水
钔,16,金
焖,16,火
蒙,16,水
锰,16,金
梦,16,木
醚,16,水
螟,16,水
磨,16,土
瘼,16,水
默,16,水
谋,16,水
穆,16,金
挠,16,火
霓,16,水
鲇,16,火
凝,16,水
哝,16,火
诺,16,火
瓯,16,土
潘,16,水
螃,16,水
耪,16,水
陪,16,水
锫,16,金
霈,16,水
澎,16,水
膨,16,水
骈,16,水
蹁,16,水
谝,16,水
瓢,16,水
瞟,16,水
撇,16,水
瞥,16,水
频,16,水
凭,16,金
鲆,16,水
扑,16,水
蒲,16,木
朴,16,木
氆,16,水
錡,16,金
碛,16,土
器,16,木
褰,16,木
钱,16,金
潜,16,水
黔,16,木
锖,16,金
墙,16,土
嫱,16,金
橇,16,木
桥,16,木
憔,16,木
樵,16,木
撬,16,木
鞘,16,木
亲,16,木
擒,16,木
檎,16,木
螓,16,木
揿,16,金
檠,16,木
磬,16,木
逎,16,火
遒,16,木
鼽,16,木
糗,16,木
趋,16,木
鸲,16,木
磲,16,木
瘸,16,金
燃,16,火
桡,16,木
润,16,水
撒,16,水
噻,16,金
穑,16,木
霎,16,水
潸,16,水
嬗,16,金
膳,16,金
烧,16,火
潲,16,水
渑,16,水
鄃,16,金
输,16,金
树,16,木
澍,16,水
蒴,16,木
蛳,16,金
撕,16,金
澌,16,水
稣,16,金
蒜,16,木
遂,16,火
荪,16,木
潭,16,水
糖,16,火
螗,16,火
烫,16,水
绦,16,火
陶,16,火
蹄,16,火
醍,16,火
颓,16,金
暾,16,火
鸵,16,火
橐,16,火
隈,16,水
沩,16,水
违,16,土
涠,16,水
谓,16,土
阌,16,水
蓊,16,木
怃,16,土
锡,16,金
樨,16,木
歙,16,土
熹,16,火
羲,16,金
螅,16,金
阋,16,金
遐,16,土
锨,16,金
县,16,木
宪,16,水
橡,16,木
晓,16,火
筱,16,木
啸,16,木
谐,16,木
廨,16,水
兴,16,水
醒,16,金
蓄,16,木
谖,16,金
璇,16,火
学,16,水
谑,16,火
浔,16,水
鸭,16,土
阉,16,土
阎,16,木
谚,16,木
焰,16,火
燕,16,土
鸯,16,火
窑,16,木
晔,16,火
烨,16,火
谒,16,金
噫,16,土
峄,16,土
缢,16,木
殪,16,土
燚,16,火
阴,16,土
萦,16,木
蓥,16,木
嬴,16,木
颖,16,木
壅,16,土
馀,16,土
逾,16,金
觎,16,金
圜,16,木
螈,16,土
樾,16,木
沄,16,水
运,16,土
郓,16,土
酝,16,土
鄅,16,水
谕,16,金
阈,16,木
遇,16,木
豫,16,土
燠,16,火
鸳,16,土
憎,16,金
甑,16,金
瘵,16,金
战,16,金
璋,16,火
瘴,16,火
蓁,16,木
臻,16,火
缜,16,金
铮,16,金
蒸,16,木
整,16,金
踵,16,火
绉,16,金
诸,16,金
猪,16,火
麈,16,金
砖,16,土
撰,16,火
篆,16,木
撞,16,金
锥,16,金
赘,16,火
谘,16,火
锱,16,金
髭,16,火
郰,16,金
嘴,16,木
樽,16,木
撙,16,金
燊,16,火
暻,16,火
锿,17,金
癌,17,土
隘,17,土
暧,17,火
餲,17,火
闇,17,土
鮟,17,土
醠,17,土
遨,17,土
謷,17,土
癍,17,水
帮,17,水
谤,17,水
蒡,17,木
跸,17,水
蔽,17,木
臂,17,水
褾,17,水
檦,17,木
豳,17,水
擘,17,水
檗,17,木
嚓,17,金
擦,17,金
蔡,17,木
縩,17,金
灿,17,火
操,17,金
艚,17,金
螬,17,金
懆,17,金
馇,17,金
锸,17,金
壑,17,土
瞳,17,火
缚,17,水
擀,17,木
爵,17,火
苁,17,木
葱,17,木
聪,17,金
繁,17,水
鸺,17,金
骏,17,金
锴,17,金
谧,17,水
蔑,17,木
篾,17,木
禅,17,金
偿,17,金
韔,17,金
鼌,17,金
龀,17,火
柽,17,木
瞠,17,火
骋,17,火
帱,17,金
丑,17,火
憷,17,金
歜,17,金
黜,17,金
膗,17,金
蔟,17,木
簇,17,木
黛,17,火
担,17,火
瘅,17,火
澹,17,水
挡,17,火
档,17,木
蹈,17,火
瞪,17,木
磴,17,土
点,17,水
淀,17,水
懂,17,木
蔸,17,木
篼,17,木
独,17,金
镀,17,金
锻,17,金
队,17,火
礅,17,土
锷,17,金
鸸,17,火
鲕,17,火
璠,17,水
鼢,17,水
缝,17,水
鸽,17,木
篝,17,木
购,17,木
媾,17,木
鸹,17,木
馆,17,木
鲑,17,土
簋,17,木
锅,17,金
蝈,17,木
馘,17,木
醢,17,水
鼾,17,水
韩,17,水
憾,17,水
撼,17,水
嚎,17,水
壕,17,土
鸿,17,水
觳,17,水
锾,17,金
浣,17,水
擐,17,水
璜,17,水
癀,17,木
磺,17,土
徽,17,金
隳,17,水
浍,17,水
桧,17,木
烩,17,火
诨,17,水
豁,17,木
击,17,木
玑,17,木
矶,17,土
绩,17,火
激,17,木
哜,17,木
觊,17,木
艰,17,木
鞯,17,木
捡,17,木
检,17,木
謇,17,木
蹇,17,金
饯,17,金
键,17,金
讲,17,木
蒋,17,木
鲛,17,木
礁,17,土
矫,17,木
阶,17,木
鲒,17,木
琎,17,火
鞠,17,木
鞫,17,木
据,17,木
飓,17,木
糠,17,木
颗,17,木
髁,17,木
恳,17,木
蔻,17,木
挎,17,木
狯,17,木
圹,17,土
亏,17,木
阔,17,水
栏,17,木
阑,17,火
蒗,17,水
痨,17,火
缧,17,火
檑,17,木
儡,17,火
嵘,17,土
嚅,17,金
孺,17,金
鄏,17,金
缩,17,金
遢,17,火
蹋,17,火
澧,17,水
励,17,火
隶,17,火
莲,17,木
联,17,木
裢,17,火
濂,17,水
敛,17,木
殓,17,火
链,17,金
魉,17,火
疗,17,火
蓼,17,木
临,17,火
瞵,17,火
磷,17,火
懔,17,火
檩,17,木
岭,17,土
隆,17,火
蒌,17,木
耧,17,火
蝼,17,火
篓,17,木
潞,17,水
璐,17,火
簏,17,木
缕,17,火
螺,17,火
嬷,17,水
缦,17,水
蔓,17,木
蟒,17,水
蟊,17,水
懋,17,木
镅,17,金
镁,17,金
甍,17,木
弥,17,水
谜,17,水
糜,17,水
縻,17,金
麋,17,火
缪,17,火
摹,17,水
膜,17,水
鍪,17,金
黏,17,火
茑,17,木
咛,17,火
浓,17,水
蟠,17,水
蓬,17,木
貔,17,水
缥,17,水
螵,17,水
嫔,17,水
皤,17,水
璞,17,水
蹊,17,木
谦,17,木
遣,17,金
跄,17,金
硗,17,土
锹,17,金
瞧,17,木
锲,17,金
擎,17,木
罄,17,木
蕖,17,木
阒,17,木
赛,17,金
糁,17,金
缫,17,金
篸,17,木
擅,17,金
声,17,金
谥,17,金
蟀,17,金
霜,17,水
瞬,17,金
锶,17,金
騃,17,火
耸,17,金
锼,17,金
谡,17,金
蔌,17,木
簌,17,木
虽,17,金
濉,17,水
隋,17,金
燧,17,火
檀,17,木
饧,17,火
膛,17,火
螳,17,火
醣,17,火
誊,17,火
嚏,17,火
疃,17,火
臀,17,火
闱,17,土
鲔,17,土
蔚,17,木
邬,17,土
膝,17,金
蟋,17,金
谿,17,金
檄,17,木
蓰,17,木
禧,17,水
戏,17,金
辖,17,木
霞,17,水
罅,17,木
鲜,17,金
痫,17,金
猃,17,金
馅,17,金
乡,17,水
芗,17,木
襄,17,火
鲞,17,水
魈,17,木
亵,17,水
谢,17,金
懈,17,水
獬,17,水
燮,17,火
蓿,17,木
鲟,17,水
逊,17,金
压,17,土
蔫,17,木
檐,17,木
阳,17,土
谣,17,火
遥,17,火
繇,17,火
嶷,17,土
忆,17,土
怿,17,土
翳,17,土
翼,17,金
荫,17,木
应,17,土
婴,17,土
膺,17,土
营,17,木
拥,17,土
优,17,土
黝,17,土
隅,17,土
舆,17,金
屿,17,土
辕,17,土
远,17,土
岳,17,木
龠,17,土
郧,17,土
狱,17,木
糟,17,金
澡,17,水
燥,17,火
择,17,火
泽,17,水
箦,17,木
罾,17,金
铡,17,金
斋,17,金
毡,17,金
澶,17,水
辗,17,火
蟑,17,火
锗,17,金
褶,17,火
蔗,17,木
鍼,17,金
栉,17,木
鸷,17,火
膣,17,火
钟,17,金
螽,17,火
诌,17,金
烛,17,火
瞩,17,金
赚,17,木
桩,17,木
总,17,金
纵,17,火
邹,17,金
璟,17,火
碍,18,土
瑷,18,土
盫,18,土
翱,18,金
袄,18,土
鏊,18,金
鼥,18,水
镑,18,金
鞴,18,水
蹦,18,土
鎞,18,金
鄙,18,水
毙,18,水
濞,18,水
髀,18,水
奰,18,水
璧,18,土
饆,18,金
鞭,18,水
飚,18,水
蹩,18,水
滨,18,水
槟,18,木
摈,18,水
殡,18,水
袯,18,水
鹁,18,水
馎,18,水
鵏,18,水
璨,18,金
檫,18,木
阖,18,水
餮,18,火
赙,18,水
覆,18,水
馥,18,水
蕨,18,木
戳,18,火
丛,18,火
铠,18,金
蝉,18,金
蒇,18,木
繟,18,金
闯,18,水
儭,18,金
痴,18,火
迟,18,金
艟,18,金
虫,18,火
懤,18,金
雏,18,金
幮,18,金
础,18,土
储,18,金
槌,18,木
蹙,18,金
窜,18,金
戴,18,火
箪,18,木
荡,18,水
焘,18,火
簦,18,木
鞮,18,火
癜,18,火
簟,18,木
蕫,18,木
断,18,火
怼,18,火
鹅,18,木
额,18,木
颚,18,木
迩,18,火
翻,18,水
蕃,18,木
丰,18,火
鄜,18,金
黻,18,水
镐,18,金
搁,18,木
隔,18,木
镉,18,金
鲠,18,木
遘,18,木
觏,18,木
鹄,18,木
瞽,18,木
归,18,木
鲧,18,木
濠,18,水
鄠,18,水
环,18,金
鲩,18,水
簧,18,木
蟥,18,木
秽,18,金
缋,18,水
蕙,18,木
蟪,18,水
劐,18,金
获,18,木
犄,18,木
蕺,18,木
虮,18,木
济,18,水
鲫,18,木
镓,18,金
鲣,18,木
睑,18,木
裥,18,木
简,18,木
谫,18,木
槛,18,木
礓,18,土
糨,18,木
蕉,18,木
谨,18,木
烬,18,火
觐,18,木
旧,18,木
屦,18,木
瞿,18,木
鹃,18,木
骒,18,木
蒉,18,木
篑,18,木
聩,18,木
拦,18,木
醪,18,火
耢,18,火
垒,18,土
镕,18,金
鞣,18,金
濡,18,水
蕤,18,木
蕊,18,木
锁,18,金
抬,18,火
釐,18,火
礼,18,火
鲤,18,火
粮,18,火
缭,18,火
膦,18,火
镏,18,金
噜,18,火
辘,18,火
谩,18,水
鄚,18,水
瞢,18,木
朦,18,水
鄍,18,水
谬,18,火
谟,18,水
馍,18,水
貘,18,水
镎,18,金
蛲,18,火
拟,18,木
腻,18,木
聂,18,金
啮,18,金
镍,18,金
拧,18,金
狞,18,金
柠,18,木
泞,18,水
耨,18,火
懦,18,火
讴,18,土
蹒,18,水
蟛,18,水
癖,18,水
濮,18,水
骐,18,木
骑,18,木
荨,18,木
襁,18,木
鄡,18,木
荞,18,木
窍,18,木
翘,18,木
苘,18,木
躯,18,木
璩,18,木
觑,18,木
鬈,18,木
阕,18,金
阙,18,金
荛,18,木
绕,18,木
铩,18,金
鲨,18,水
缮,18,金
蟮,18,金
觞,18,金
婶,18,金
湿,18,水
适,18,火
蔬,18,木
曙,18,火
双,18,金
飕,18,金
穗,18,水
涛,18,水
梼,18,木
檮,18,木
鹈,18,火
题,18,火
阗,18,火
魍,18,火
潍,18,水
隗,18,木
韪,18,土
魏,18,木
钨,18,金
芜,18,木
雟,18,金
饩,18,金
隙,18,水
黠,18,木
燹,18,金
蟓,18,金
肖,18,木
擤,18,金
獯,18,水
曛,18,火
蕈,18,木
鄢,18,土
颜,18,木
曜,18,火
医,18,土
黟,18,土
彝,18,土
镒,18,金
癔,18,土
鄞,18,土
蝇,18,木
鄘,18,土
鼬,18,土
陨,18,土
韫,18,土
杂,18,水
鹆,18,木
蜮,18,木
簪,18,木
遭,18,金
赜,18,金
缯,18,金
膪,18,金
瞻,18,火
障,18,火
遮,18,火
谪,18,火
镇,18,金
织,18,金
职,18,火
贽,18,火
掷,18,火
踬,18,火
颛,18,金
转,18,火
骓,18,火
擢,18,火
濯,18,水
鬃,18,金
蕞,18,木
薆,19,火
爊,19,土
鏖,19,金
摆,19,火
瓣,19,水
爆,19,火
鹎,19,水
镚,19,金
薜,19,木
襞,19,水
镖,19,金
瀌,19,水
瘪,19,水
薄,19,水
簸,19,木
醭,19,水
簿,19,水
礤,19,土
蹭,19,火
薨,19,木
襜,19,金
谲,19,火
蹶,19,火
鹑,19,水
歠,19,火
骴,19,火
辞,19,金
薋,19,木
蹯,19,水
鲱,19,水
馐,19,金
湎,19,水
鹋,19,水
瀍,19,水
蟾,19,金
铲,19,金
鲳,19,金
嘲,19,火
蛏,19,火
惩,19,金
宠,19,金
畴,19,金
橱,19,木
蹴,19,金
哒,19,火
裆,19,火
祷,19,金
蹬,19,木
邓,19,火
镝,19,金
颠,19,金
鲷,19,火
鸫,19,火
胴,19,火
渎,19,水
椟,19,木
牍,19,金
犊,19,金
蹲,19,火
羹,19,水
鞲,19,水
臌,19,木
鲴,19,水
关,19,木
犷,19,木
薅,19,木
蕻,19,木
坏,19,土
缳,19,水
谎,19,木
绘,19,水
荟,19,木
嚯,19,水
讥,19,木
齑,19,火
际,19,火
蓟,19,木
溅,19,水
缰,19,木
疆,19,土
缴,19,木
轿,19,木
醮,19,木
襟,19,木
馑,19,木
鲸,19,木
竞,19,木
镜,19,金
鬏,19,木
铿,19,金
绔,19,木
胯,19,木
脍,19,木
旷,19,木
鲲,19,木
扩,19,木
羸,19,火
蕾,19,木
类,19,火
离,19,火
谭,19,火
丽,19,火
呖,19,火
坜,19,土
枥,19,木
栎,19,木
帘,19,火
臁,19,火
蠊,19,火
脸,19,火
裣,19,火
辽,19,火
猎,19,水
邻,19,火
遴,19,火
辚,19,火
鲮,19,火
浏,19,水
馏,19,火
鎏,19,金
咙,19,火
垄,19,土
镂,19,金
撸,19,火
庐,19,火
垆,19,土
橹,19,木
麓,19,木
氇,19,火
蠃,19,火
泺,19,水
蟆,19,火
镘,19,金
锚,19,金
懑,19,水
懵,19,水
蠓,19,水
祢,19,水
靡,19,水
镆,19,金
难,19,木
鲵,19,木
撵,19,火
脓,19,火
锘,19,金
攀,19,木
庞,19,火
鹏,19,水
骗,19,水
鄱,19,水
谱,19,水
蹼,19,水
瀑,19,水
曝,19,火
麒,19,木
髂,19,木
迁,19,金
签,19,木
锵,19,金
蔷,19,木
跷,19,木
缲,19,木
蹻,19,火
谯,19,金
鲭,19,金
黢,19,木
醛,19,木
鹊,19,金
扰,19,水
萨,19,木
颡,19,金
骚,19,金
臊,19,金
膻,19,金
鄯,19,金
绳,19,金
识,19,金
兽,19,金
摅,19,金
薯,19,木
烁,19,火
馊,19,金
擞,19,金
镗,19,金
韬,19,火
鼗,19,火
薇,19,木
稳,19,土
蕹,19,木
鹉,19,土
骛,19,土
雾,19,水
醯,19,金
玺,19,火
系,19,金
暹,19,金
萧,19,木
撷,19,木
泻,19,水
薤,19,木
蟹,19,木
薪,19,木
选,19,金
薛,19,木
鄩,19,火
赝,19,木
遗,19,木
蚁,19,木
绎,19,火
薏,19,木
臆,19,土
霪,19,水
滢,19,水
臃,19,土
韵,19,土
蓣,19,木
赞,19,金
錾,19,金
躁,19,金
谮,19,金
赠,19,火
鄣,19,火
辙,19,火
郑,19,火
骘,19,火
籀,19,木
鲻,19,火
鲰,19,金
镞,19,金
遵,19,金
骜,20,土
膀,20,水
龅,20,水
宝,20,火
鲾,20,水
避,20,水
襣,20,水
躄,20,水
鳊,20,水
藊,20,木
辫,20,水
穮,20,水
缤,20,水
濒,20,水
蠙,20,水
膑,20,水
藏,20,木
鳆,20,水
觉,20,木
镢,20,金
嚼,20,火
矍,20,火
鐍,20,金
锎,20,金
藐,20,木
蠛,20,水
镡,20,金
巉,20,土
阐,20,火
榇,20,木
犨,20,金
筹,20,木
触,20,金
鰆,20,金
篡,20,木
郸,20,火
党,20,火
镫,20,金
鲽,20,火
窦,20,火
镦,20,金
鹗,20,木
鳄,20,木
镄,20,金
黼,20,水
藁,20,木
瀚,20,水
蚝,20,水
鹕,20,水
铧,20,金
怀,20,水
还,20,水
鳇,20,木
攉,20,木
蠖,20,木
籍,20,木
继,20,木
锏,20,金
舰,20,木
藉,20,木
警,20,木
龃,20,木
遽,20,木
醵,20,木
阚,20,木
喾,20,木
跨,20,木
郐,20,木
纩,20,木
矿,20,土
岿,20,土
馈,20,木
濑,20,水
蓝,20,木
篮,20,木
懒,20,火
铹,20,金
蝾,20,金
薷,20,木
襦,20,金
繻,20,金
蠕,20,金
獭,20,火
挞,20,火
薹,20,木
黧,20,火
醴,20,火
沥,20,水
疠,20,火
砾,20,土
镣,20,金
鏻,20,金
龄,20,火
骝,20,火
泷,20,水
栊,20,木
胧,20,火
拢,20,火
露,20,水
泸,20,水
炉,20,火
栌,20,木
掳,20,火
罗,20,火
迈,20,水
颟,20,水
馒,20,水
鹛,20,水
檬,20,木
魔,20,水
聍,20,金
糯,20,火
篷,20,木
譬,20,水
飘,20,火
镤,20,金
镨,20,金
脐,20,木
蛴,20,木
荠,20,木
骞,20,木
缱,20,金
镪,20,金
黥,20,金
謦,20,金
琼,20,木
鳅,20,木
劝,20,木
嚷,20,水
壤,20,土
鳃,20,金
馓,20,金
骟,20,金
赡,20,火
释,20,金
孀,20,金
铴,20,金
腾,20,火
龆,20,火
鼍,20,火
璺,20,金
鼯,20,土
鹜,20,土
牺,20,木
曦,20,火
献,20,木
霰,20,金
潇,20,水
邂,20,水
瀣,20,水
馨,20,金
续,20,金
悬,20,木
薰,20,木
严,20,木
邀,20,木
耀,20,火
邺,20,土
议,20,木
译,20,金
瘾,20,土
嘤,20,土
罂,20,土
潆,20,水
赢,20,火
瀛,20,水
橼,20,木
黦,20,木
谵,20,金
槠,20,木
潴,20,水
橥,20,木
躅,20,火
驺,20,金
纂,20,木
黯,21,水
鳌,21,土
霸,21,水
鐾,21,金
辩,21,水
骠,21,水
膘,21,水
飙,21,水
藨,21,木
襮,21,水
礴,21,土
骖,21,金
鸧,21,金
颢,21,木
鹤,21,水
轰,21,水
铁,21,金
虿,21,金
搀,21,金
爝,21,火
呲,21,金
鹚,21,金
骢,21,金
腼,21,水
邈,21,水
缠,21,火
忏,21,金
羼,21,金
韂,21,金
衬,21,金
铛,21,金
踌,21,火
躇,21,金
铎,21,金
藩,21,水
瀵,21,水
鹘,21,木
顾,21,木
鳏,21,木
护,21,水
饥,21,木
鸡,21,木
跻,21,火
歼,21,木
鹣,21,木
茧,21,木
赆,21,木
镌,21,金
夔,21,木
腊,21,火
蜡,21,火
癞,21,火
澜,21,水
斓,21,火
览,21,火
烂,21,火
镭,21,金
累,21,火
藜,21,木
鳎,21,火
蠡,21,土
俪,21,火
疬,21,火
砺,21,土
镰,21,金
潋,21,水
珑,21,火
砻,21,土
髅,21,火
碌,21,土
骡,21,火
礞,21,土
猕,21,水
曩,21,火
嗫,21,金
藕,21,木
霹,21,水
鼙,21,水
鳍,21,水
谴,21,金
鞒,21,木
蛩,21,金
驱,21,木
瀼,21,水
攘,21,水
饶,21,木
麝,21,金
薮,21,木
随,21,金
隧,21,金
邃,21,金
藤,21,木
鲦,21,火
巍,21,土
燨,21,金
险,21,金
嚣,21,木
醺,21,水
鳐,21,火
药,21,木
鹞,21,火
艺,21,木
镱,21,金
龈,21,木
莺,21,木
撄,21,土
樱,21,木
跃,21,土
瀹,21,水
蕴,21,木
誉,21,土
儹,21,金
灶,21,火
踯,21,金
属,21,金
啭,21,火
馔,21,火
镯,21,金
龇,21,火
鄹,21,金
蔼,22,木
边,22,水
鳔,22,水
鳖,22,水
镔,22,金
镲,22,金
蘅,22,木
听,22,火
龊,22,火
鳘,22,水
躔,22,金
冁,22,金
颤,22,火
摛,22,金
蹰,22,金
撺,22,金
籴,22,火
巅,22,土
叠,22,火
读,22,火
沣,22,水
龚,22,木
灌,22,水
瓘,22,木
骅,22,水
欢,22,水
獾,22,水
镬,22,金
霁,22,水
鉴,22,金
骄,22,木
惧,22,木
龛,22,火
鱇,22,木
邝,22,木
邋,22,火
籁,22,木
漓,22,水
苈,22,木
粝,22,火
鲢,22,火
躐,22,火
蔺,22,木
鹨,22,火
茏,22,木
笼,22,木
聋,22,火
癃,22,火
窿,22,火
芦,22,木
胪,22,火
舻,22,火
孪,22,火
峦,22,土
霾,22,水
鳗,22,水
艨,22,水
蘑,22,木
耱,22,水
囊,22,火
孽,22,木
鸥,22,土
苹,22,木
蕲,22,木
跫,22,金
氍,22,木
权,22,木
瓤,22,水
穰,22,水
慑,22,金
摄,22,火
滠,22,水
赎,22,火
苏,22,木
傥,22,火
饕,22,火
弯,22,火
袭,22,金
隰,22,金
响,22,水
飨,22,水
骁,22,金
癣,22,金
鳕,22,水
俨,22,木
懿,22,土
隐,22,土
璎,22,土
瘿,22,木
鳙,22,土
饔,22,土
龉,22,木
鬻,22,木
藻,22,水
鹧,22,火
铸,22,金
鷩,23,水
变,23,水
镳,23,金
黪,23,金
蘩,23,木
雠,23,火
欑,23,木
髑,23,金
鲼,23,水
蛊,23,木
鳜,23,木
鬟,23,水
藿,23,木
鹪,23,木
惊,23,木
鹫,23,木
蠲,23,木
兰,23,木
颥,23,金
摊,23,火
滩,23,水
蛎,23,火
蔹,23,木
娈,23,土
恋,23,火
鹩,23,火
鳞,23,火
麟,23,火
轳,23,火
镥,23,金
鹭,23,火
挛,23,火
栾,23,火
猡,23,火
椤,23,木
蓦,23,木
猱,23,火
蘖,23,木
蘧,23,木
癯,23,木
禳,23,水
鳝,23,金
铄,23,金
鸶,23,金
髓,23,金
体,23,火
鼷,23,金
鱚,23,金
纤,23,金
鹇,23,金
显,23,火
藓,23,木
岩,23,土
鼹,23,木
验,23,木
驿,23,木
缨,23,土
鹬,23,木
攒,23,金
脏,23,金
齇,23,金
鳟,23,金
霭,24,木
坝,24,土
蚌,24,水
髌,24,水
鬓,24,水
镈,24,金
蚕,24,金
赣,24,木
攫,24,火
谗,24,金
谶,24,金
螭,24,火
矗,24,金
鞑,24,火
癫,24,火
蠹,24,火
簖,24,木
罐,24,土
霍,24,水
羁,24,木
搅,24,木
谰,24,火
蓠,24,木
篱,24,木
闼,24,火
瘫,24,火
鳢,24,火
雳,24,火
灵,24,火
陇,24,火
酿,24,木
辔,24,水
颦,24,水
衢,24,木
龋,24,木
让,24,火
龌,24,火
躞,24,水
鑫,24,金
盐,24,土
魇,24,木
艳,24,土
呓,24,土
鹰,24,木
瓒,24,金
鳣,24,火
骤,24,金
攥,24,木
叆,25,火
灞,25,水
鑶,25,金
灏,25,水
厅,25,火
镵,25,金
鲿,25,金
蹿,25,金
纛,25,火
酆,25,水
观,25,木
鹱,25,水
鲚,25,木
髋,25,木
镧,25,金
揽,25,火
榄,25,木
鬣,25,火
酃,25,火
颅,25,火
脔,25,火
萝,25,木
箩,25,木
摞,25,火
漯,25,水
蛮,25,水
蘼,25,水
囔,25,火
蹑,25,金
襻,25,水
镶,25,金
赃,25,金
蘸,25,木
缵,25,木
馋,26,金
镩,26,金
骥,26,金
逦,26,火
郦,26,火
驴,26,火
逻,26,火
瘰,26,火
攮,26,火
镊,26,金
蠼,26,木
酾,26,金
湾,26,水
跹,26,金
趱,26,金
躜,26,木
谠,27,火
黩,27,金
缆,27,火
鸬,27,火
鲈,27,火
滦,27,水
銮,27,金
锣,27,金
颞,27,金
颧,27,木
骧,27,火
缬,27,水
谳,27,木
钻,27,金
笾,28,木
魑,28,火
齼,28,金
戆,28,木
轹,28,火
跞,28,火
棂,28,木
滟,28,水
鹦,28,土
戅,28,水
鹳,29,土
骊,29,火
躏,29,火
骉,30,水
爨,30,金
鹂,30,火
鲡,30,火
鸾,30,火
馕,30,火
